resultId,raceId,driverId,constructorId,number,grid,position,positionText,positionOrder,points,laps,time,milliseconds,fastestLap,rank,fastestLapTime,fastestLapSpeed,statusId
1,18,1,1,22,1,1,1,1,10.0,58,1:34:50.616,5690616,39,2,1:27.452,218.300,1
23,19,8,6,1,2,1,1,1,10.0,56,1:31:18.555,5478555,37,2,1:35.405,209.158,1
45,20,13,6,2,2,1,1,1,10.0,57,1:31:06.970,5466970,38,3,1:33.600,208.153,1
67,21,8,6,1,1,1,1,1,10.0,66,1:38:19.051,5899051,46,1,1:21.670,205.191,1
89,22,13,6,2,1,1,1,1,10.0,58,1:26:49.451,5209451,16,3,1:26.666,221.734,1
109,23,1,1,22,3,1,1,1,10.0,76,2:00:42.742,7242742,71,6,1:18.510,153.152,1
129,24,9,2,4,2,1,1,1,10.0,70,1:36:24.227,5784227,47,4,1:17.539,202.473,1
149,25,13,6,2,2,1,1,1,10.0,70,1:31:50.245,5510245,20,2,1:16.729,206.956,1
169,26,1,1,22,4,1,1,1,10.0,60,1:39:09.440,5949440,16,3,1:32.817,199.398,1
189,27,1,1,22,1,1,1,1,10.0,67,1:31:20.874,5480874,17,2,1:16.039,216.552,1
209,28,5,1,23,2,1,1,1,10.0,70,1:37:27.067,5847067,19,7,1:21.753,192.917,1
229,29,13,6,2,1,1,1,1,10.0,57,1:35:32.339,5732339,36,1,1:38.708,197.637,1
249,30,13,6,2,2,1,1,1,10.0,44,1:22:59.394,4979394,26,3,1:48.222,232.987,1
269,31,20,5,15,1,1,1,1,10.0,53,1:26:47.494,5207494,53,14,1:30.510,230.414,1
289,32,4,4,5,15,1,1,1,10.0,61,1:57:16.304,7036304,55,3,1:45.768,172.464,1
309,33,4,4,5,4,1,1,1,10.0,67,1:30:21.892,5421892,41,3,1:19.101,207.668,1
329,34,1,1,22,1,1,1,1,10.0,56,1:31:57.403,5517403,13,1,1:36.325,203.722,1
349,35,13,6,2,1,1,1,1,10.0,71,1:34:11.435,5651435,36,1,1:13.736,210.377,1
369,36,8,6,6,1,1,1,1,10.0,58,1:25:28.770,5128770,41,1,1:25.235,223.978,1
391,37,4,1,1,2,1,1,1,10.0,56,1:32:14.930,5534930,42,2,1:36.861,206.014,1
413,38,13,6,5,1,1,1,1,10.0,57,1:33:27.515,5607515,42,1,1:34.067,207.120,1
435,39,13,6,5,1,1,1,1,10.0,65,1:31:36.230,5496230,14,1,1:22.680,202.685,1
457,40,4,1,1,1,1,1,1,10.0,78,1:40:29.329,6029329,44,1,1:15.284,159.715,1
479,41,1,1,2,1,1,1,1,10.0,70,1:44:11.292,6251292,37,2,1:16.494,205.239,1
501,42,1,1,2,1,1,1,1,10.0,73,1:31:09.965,5469965,20,2,1:13.222,206.101,1
523,43,8,6,6,3,1,1,1,10.0,70,1:30:54.200,5454200,20,2,1:16.207,208.374,1
545,44,8,6,6,2,1,1,1,10.0,59,1:21:43.074,4903074,17,1,1:20.638,229.514,1
567,45,4,1,1,2,1,1,1,10.0,60,2:06:26.358,7586358,35,2,1:33.231,198.783,1
589,46,1,1,2,1,1,1,1,10.0,70,1:35:52.991,5752991,13,2,1:20.171,196.724,1
611,47,13,6,5,1,1,1,1,10.0,58,1:26:42.161,5202161,18,2,1:27.922,218.566,1
633,48,4,1,1,1,1,1,1,10.0,53,1:18:37.806,4717806,15,1,1:22.871,251.653,1
655,49,8,6,6,1,1,1,1,10.0,44,1:20:39.066,4839066,12,2,1:48.095,233.261,1
677,50,1,1,2,1,1,1,1,10.0,67,2:00:34.579,7234579,27,1,1:28.193,186.259,1
699,51,8,6,6,2,1,1,1,10.0,56,1:37:58.395,5878395,52,3,1:38.285,199.660,1
721,52,8,6,6,3,1,1,1,10.0,71,1:28:15.270,5295270,66,1,1:12.445,214.126,1
743,53,4,4,1,4,1,1,1,10.0,57,1:29:46.205,5386205,21,3,1:32.534,210.551,1
765,54,21,4,2,1,1,1,1,10.0,56,1:30:40.529,5440529,16,2,1:35.294,209.402,1
787,55,4,4,1,3,1,1,1,10.0,57,1:34:27.870,5667870,49,2,1:26.189,221.499,1
809,56,30,6,5,1,1,1,1,10.0,62,1:31:06.486,5466486,19,2,1:24.624,210.961,1
831,57,30,6,5,2,1,1,1,10.0,60,1:35:58.765,5758765,39,1,1:32.099,201.226,1
853,58,4,4,1,1,1,1,1,10.0,66,1:26:21.759,5181759,39,2,1:16.723,217.108,1
875,59,4,4,1,1,1,1,1,10.0,78,1:43:43.116,6223116,11,3,1:15.671,158.898,1
897,60,4,4,1,1,1,1,1,10.0,60,1:25:51.927,5151927,21,1,1:21.599,226.811,1
919,61,4,4,1,1,1,1,1,10.0,70,1:34:37.308,5677308,22,2,1:15.911,206.815,1
941,62,30,6,5,1,1,1,1,10.0,73,1:34:35.199,5675199,56,1,1:12.719,207.527,1
963,63,30,6,5,1,1,1,1,10.0,70,1:32:07.803,5527803,46,1,1:17.111,205.931,1
985,64,30,6,5,2,1,1,1,10.0,67,1:27:51.693,5271693,17,1,1:16.357,215.650,1
1007,65,18,11,12,14,1,1,1,10.0,70,1:52:20.941,6740941,57,4,1:25.143,185.236,1
1029,66,13,6,6,1,1,1,1,10.0,58,1:28:51.082,5331082,38,2,1:28.123,218.067,1
1051,67,30,6,5,2,1,1,1,10.0,53,1:14:51.975,4491975,14,2,1:22.575,252.555,1
1073,68,30,6,5,6,1,1,1,10.0,56,1:37:32.747,5852747,50,2,1:38.553,199.117,1
1095,69,4,4,1,5,1,1,1,10.0,53,1:23:52.413,5032413,14,1,1:32.676,225.572,1
1117,70,13,6,6,1,1,1,1,10.0,71,1:31:53.751,5513751,23,2,1:12.877,212.857,1
1139,71,21,4,6,1,1,1,1,10.0,57,1:24:17.336,5057336,55,2,1:25.994,222.001,1
1159,72,4,4,5,1,1,1,1,10.0,56,1:31:33.736,5493736,18,4,1:35.899,208.081,1
1179,73,4,4,5,1,1,1,1,10.0,57,1:29:18.531,5358531,39,2,1:31.713,212.436,1
1199,74,4,4,5,2,1,1,1,10.0,62,1:27:41.921,5261921,22,4,1:23.133,213.619,1
1219,75,8,1,9,1,1,1,1,10.0,66,1:27:16.830,5236830,41,4,1:15.977,219.240,1
1237,76,8,1,9,1,1,1,1,10.0,78,1:45:15.556,6315556,41,2,1:15.921,158.375,1
1255,77,4,4,5,6,1,1,1,10.0,59,1:31:46.648,5506648,44,1,1:30.711,204.305,1
1275,78,8,1,9,7,1,1,1,10.0,70,1:32:09.290,5529290,23,1,1:14.384,211.061,1
1295,79,30,6,1,5,1,1,1,10.0,73,1:29:43.181,5383181,48,1,1:11.497,211.074,1
1315,80,4,4,5,1,1,1,1,10.0,70,1:31:22.232,5482232,5,2,1:16.502,207.571,1
1335,81,31,1,10,3,1,1,1,10.0,60,1:24:29.588,5069588,41,2,1:20.700,229.338,1
1355,82,4,4,5,3,1,1,1,10.0,67,1:26:28.599,5188599,21,2,1:15.235,218.866,1
1375,83,8,1,9,4,1,1,1,10.0,70,1:37:25.552,5845552,40,1,1:21.219,194.186,1
1395,84,8,1,9,1,1,1,1,10.0,58,1:24:34.454,5074454,40,2,1:25.030,226.000,1
1415,85,31,1,10,1,1,1,1,10.0,53,1:14:28.659,4468659,15,2,1:21.828,254.861,1
1435,86,8,1,9,2,1,1,1,10.0,44,1:30:01.295,5401295,34,6,1:53.810,220.662,1
1455,87,31,1,10,2,1,1,1,10.0,71,1:29:20.574,5360574,27,2,1:12.650,213.522,1
1475,88,8,1,9,17,1,1,1,10.0,53,1:29:02.212,5342212,44,1,1:31.540,228.372,1
1495,89,4,4,5,1,1,1,1,10.0,56,1:39:53.618,5993618,45,2,1:33.536,209.797,1
1515,90,30,6,1,1,1,1,1,10.0,58,1:24:15.757,5055757,29,1,1:24.125,226.933,1
1535,91,30,6,1,1,1,1,1,10.0,56,1:31:07.490,5467490,6,2,1:34.819,210.451,1
1555,92,30,6,1,1,1,1,1,10.0,57,1:28:34.875,5314875,7,1,1:30.252,216.074,1
1575,93,30,6,1,2,1,1,1,10.0,62,1:26:19.670,5179670,10,1,1:20.411,220.850,1
1595,94,30,6,1,1,1,1,1,10.0,66,1:27:32.841,5252841,12,1,1:17.450,215.070,1
1615,95,15,4,7,1,1,1,1,10.0,77,1:45:46.601,6346601,22,2,1:14.870,160.598,1
1635,96,30,6,1,1,1,1,1,10.0,60,1:32:35.101,5555101,7,1,1:29.468,207.144,1
1655,97,30,6,1,6,1,1,1,10.0,70,1:28:24.803,5304803,18,2,1:13.630,213.222,1
1675,98,30,6,1,2,1,1,1,10.0,73,1:40:29.914,6029914,8,2,1:10.412,214.327,1
1695,99,30,6,1,2,1,1,1,10.0,70,1:30:18.133,5418133,32,1,1:15.377,210.669,1
1715,100,30,6,1,4,1,1,1,10.0,60,1:24:42.700,5082700,14,1,1:18.739,235.049,1
1735,101,30,6,1,1,1,1,1,10.0,66,1:23:54.848,5034848,5,2,1:13.783,223.173,1
1755,102,30,6,1,1,1,1,1,10.0,70,1:35:26.131,5726131,29,1,1:19.071,199.461,1
1775,103,8,1,6,10,1,1,1,10.0,44,1:32:35.274,5555274,42,1,1:45.108,238.931,1
1795,104,22,6,2,1,1,1,1,10.0,53,1:15:18.448,4518448,41,1,1:21.046,257.320,1
1815,105,22,6,2,1,1,1,1,10.0,56,1:29:12.420,5352420,28,2,1:32.455,212.250,1
1835,106,30,6,1,1,1,1,1,10.0,53,1:24:26.985,5066985,41,2,1:32.796,225.281,1
1855,107,31,3,3,2,1,1,1,10.0,71,1:28:01.451,5281451,49,1,1:11.473,217.038,1
1875,108,14,1,5,11,1,1,1,10.0,58,1:34:42.1,5682100,\N,\N,\N,\N,1
1895,109,8,1,6,7,1,1,1,10.0,56,1:32:22.195,5542195,\N,\N,\N,\N,1
1915,110,21,17,11,8,1,1,1,10.0,54,1:31:18.2,5478200,\N,\N,\N,\N,1
1935,111,30,6,1,1,1,1,1,10.0,62,1:28:12.058,5292058,\N,\N,\N,\N,1
1955,112,30,6,1,1,1,1,1,10.0,65,1:33:46.933,5626933,\N,\N,\N,\N,1
1975,113,30,6,1,1,1,1,1,10.0,69,1:24:04.888,5044888,\N,\N,\N,\N,1
1995,114,31,3,3,3,1,1,1,10.0,78,1:42:19.010,6139010,\N,\N,\N,\N,1
2015,115,30,6,1,3,1,1,1,10.0,70,1:31:13.591,5473591,\N,\N,\N,\N,1
2035,116,23,3,4,3,1,1,1,10.0,60,1:34:43.622,5683622,\N,\N,\N,\N,1
2055,117,23,3,4,1,1,1,1,10.0,70,1:30:49.213,5449213,\N,\N,\N,\N,1
2075,118,22,6,2,1,1,1,1,10.0,60,1:28:37.554,5317554,\N,\N,\N,\N,1
2095,119,31,3,3,1,1,1,1,10.0,67,1:28:48.769,5328769,\N,\N,\N,\N,1
2115,120,4,4,8,1,1,1,1,10.0,70,1:39:01.460,5941460,\N,\N,\N,\N,1
2135,121,30,6,1,1,1,1,1,10.0,53,1:14:19.838,4459838,\N,\N,\N,\N,1
2155,122,30,6,1,7,1,1,1,10.0,73,1:33:35.997,5615997,\N,\N,\N,\N,1
2175,123,22,6,2,1,1,1,1,10.0,53,1:25:11.743,5111743,\N,\N,\N,\N,1
2195,124,30,6,1,2,1,1,1,10.0,58,1:35:36.792,5736792,\N,\N,\N,\N,1
2217,125,23,3,5,4,1,1,1,10.0,56,1:34:12.912,5652912,\N,\N,\N,\N,1
2239,126,30,6,1,2,1,1,1,10.0,71,1:31:43.662,5503662,\N,\N,\N,\N,1
2261,127,30,6,1,1,1,1,1,10.0,62,1:29:10.789,5350789,\N,\N,\N,\N,1
2283,128,30,6,1,1,1,1,1,10.0,65,1:30:29.981,5429981,\N,\N,\N,\N,1
2305,129,30,6,1,3,1,1,1,10.0,71,1:33:51.562,5631562,\N,\N,\N,\N,1
2327,130,14,1,3,2,1,1,1,10.0,78,1:45:39.055,6339055,\N,\N,\N,\N,1
2349,131,30,6,1,2,1,1,1,10.0,70,1:33:36.111,5616111,\N,\N,\N,\N,1
2371,132,22,6,2,4,1,1,1,10.0,60,1:35:07.426,5707426,\N,\N,\N,\N,1
2393,133,30,6,1,3,1,1,1,10.0,60,1:31:45.015,5505015,\N,\N,\N,\N,1
2414,134,30,6,1,2,1,1,1,10.0,72,1:32:09.837,5529837,\N,\N,\N,\N,1
2436,135,30,6,1,1,1,1,1,10.0,67,1:27:52.078,5272078,\N,\N,\N,\N,1
2457,136,22,6,2,1,1,1,1,10.0,77,1:41:49.001,6109001,\N,\N,\N,\N,1
2477,137,30,6,1,1,1,1,1,10.0,44,1:21:20.634,4880634,\N,\N,\N,\N,1
2497,138,22,6,2,4,1,1,1,10.0,53,1:16:19.982,4579982,\N,\N,\N,\N,1
2517,139,22,6,2,2,1,1,1,10.0,73,1:31:08.0,5468000,\N,\N,\N,\N,1
2537,140,30,6,1,1,1,1,1,10.0,53,1:26:59.698,5219698,\N,\N,\N,\N,1
2557,141,30,6,1,1,1,1,1,10.0,58,1:38:26.533,5906533,\N,\N,\N,\N,1
2579,142,30,6,1,1,1,1,1,10.0,55,1:47:34.801,6454801,\N,\N,\N,\N,1
2601,143,14,1,4,5,1,1,1,10.0,71,1:39:00.834,5940834,\N,\N,\N,\N,1
2623,144,23,3,5,3,1,1,1,10.0,62,1:30:44.817,5444817,\N,\N,\N,\N,1
2645,145,30,6,1,1,1,1,1,10.0,65,1:31:03.305,5463305,\N,\N,\N,\N,1
2667,146,14,1,4,7,1,1,1,10.0,71,1:27:45.927,5265927,\N,\N,\N,\N,1
2689,147,30,6,1,2,1,1,1,10.0,78,1:47:22.561,6442561,\N,\N,\N,\N,1
2711,148,23,3,5,2,1,1,1,10.0,69,1:34:31.522,5671522,\N,\N,\N,\N,1
2733,149,30,6,1,1,1,1,1,10.0,67,1:29:42.724,5382724,\N,\N,\N,\N,1
2755,150,30,6,1,2,1,1,1,10.0,72,1:33:35.636,5615636,\N,\N,\N,\N,1
2777,151,57,1,3,2,1,1,1,10.0,60,1:25:33.770,5133770,\N,\N,\N,\N,1
2799,152,23,3,5,2,1,1,1,10.0,45,1:18:17.873,4697873,\N,\N,\N,\N,1
2821,153,30,6,1,1,1,1,1,10.0,77,1:41:49.675,6109675,\N,\N,\N,\N,1
2843,154,30,6,1,3,1,1,1,10.0,36,1:08:05.002,4085002,\N,\N,\N,\N,1
2865,155,31,3,6,1,1,1,1,10.0,53,1:16:58.493,4618493,\N,\N,\N,\N,1
2887,156,57,1,3,4,1,1,1,10.0,73,1:32:42.840,5562840,\N,\N,\N,\N,1
2909,157,30,6,1,1,1,1,1,10.0,53,1:27:33.298,5253298,\N,\N,\N,\N,1
2931,158,30,6,3,3,1,1,1,10.0,58,1:34:01.987,5641987,\N,\N,\N,\N,1
2953,159,30,6,3,3,1,1,1,10.0,71,1:31:35.271,5495271,\N,\N,\N,\N,1
2975,160,30,6,3,2,1,1,1,10.0,62,1:31:39.776,5499776,\N,\N,\N,\N,1
2997,161,14,1,2,4,1,1,1,10.0,60,1:28:50.108,5330108,\N,\N,\N,\N,1
3019,162,57,1,1,2,1,1,1,10.0,65,1:33:55.390,5635390,\N,\N,\N,\N,1
3041,163,30,6,3,2,1,1,1,10.0,67,1:42:00.307,6120307,\N,\N,\N,\N,1
3062,164,14,1,2,3,1,1,1,10.0,78,1:49:28.213,6568213,\N,\N,\N,\N,1
3084,165,30,6,3,1,1,1,1,10.0,69,1:41:12.313,6072313,\N,\N,\N,\N,1
3106,166,14,1,2,2,1,1,1,10.0,72,1:38:05.538,5885538,\N,\N,\N,\N,1
3128,167,57,1,1,1,1,1,1,10.0,71,1:28:15.818,5295818,\N,\N,\N,\N,1
3150,168,22,6,4,18,1,1,1,10.0,45,1:25:34.418,5134418,\N,\N,\N,\N,1
3172,169,57,1,1,3,1,1,1,10.0,77,1:45:33.869,6333869,\N,\N,\N,\N,1
3194,170,57,1,1,1,1,1,1,10.0,44,1:28:14.494,5294494,\N,\N,\N,\N,1
3216,171,30,6,3,1,1,1,1,10.0,53,1:27:31.638,5251638,\N,\N,\N,\N,1
3238,172,30,6,3,1,1,1,1,10.0,73,1:36:30.883,5790883,\N,\N,\N,\N,1
3260,173,30,6,3,1,1,1,1,10.0,53,1:29:53.435,5393435,\N,\N,\N,\N,1
3282,174,30,6,3,1,1,1,1,10.0,56,1:35:54.235,5754235,\N,\N,\N,\N,1
3304,175,56,6,4,6,1,1,1,10.0,57,1:35:01.659,5701659,\N,\N,\N,\N,1
3326,176,57,1,1,1,1,1,1,10.0,72,1:36:03.785,5763785,\N,\N,\N,\N,1
3348,177,30,6,3,3,1,1,1,10.0,62,1:33:44.792,5624792,\N,\N,\N,\N,1
3370,178,30,6,3,2,1,1,1,10.0,78,1:49:31.812,6571812,\N,\N,\N,\N,1
3392,179,57,1,1,1,1,1,1,10.0,65,1:34:13.665,5653665,\N,\N,\N,\N,1
3414,180,57,1,1,2,1,1,1,10.0,69,1:41:35.727,6095727,\N,\N,\N,\N,1
3436,181,49,17,8,5,1,1,1,10.0,72,1:58:24.343,7104343,\N,\N,\N,\N,1
3458,182,14,1,2,3,1,1,1,10.0,60,1:32:30.144,5550144,\N,\N,\N,\N,1
3480,183,56,6,4,3,1,1,1,10.0,71,1:28:12.438,5292438,\N,\N,\N,\N,1
3502,184,56,6,4,5,1,1,1,10.0,45,1:21:58.594,4918594,\N,\N,\N,\N,1
3524,185,57,1,1,1,1,1,1,10.0,77,1:46:23.536,6383536,\N,\N,\N,\N,1
3546,186,14,1,2,2,1,1,1,10.0,44,1:25:43.057,5143057,\N,\N,\N,\N,1
3568,187,49,17,8,2,1,1,1,10.0,53,1:17:02.923,4622923,\N,\N,\N,\N,1
3590,188,65,24,17,14,1,1,1,10.0,66,1:41:54.314,6114314,\N,\N,\N,\N,1
3612,189,56,6,4,2,1,1,1,10.0,56,1:36:38.494,5798494,\N,\N,\N,\N,1
3634,190,57,1,1,2,1,1,1,10.0,53,1:31:18.785,5478785,\N,\N,\N,\N,1
3656,191,57,1,8,1,1,1,1,10.0,58,1:31:46.0,5506000,\N,\N,\N,\N,1
3678,192,57,1,8,1,1,1,1,10.0,72,1:37:12.2,5832200,\N,\N,\N,\N,1
3700,193,30,6,3,2,1,1,1,10.0,72,1:48:36.1,6516100,\N,\N,\N,\N,1
3722,194,14,1,7,1,1,1,1,10.0,62,1:34:25.4,5665400,\N,\N,\N,\N,1
3744,195,57,1,8,1,1,1,1,10.0,65,1:33:38.3,5618300,\N,\N,\N,\N,1
3765,196,57,1,8,1,1,1,1,10.0,78,1:51:24.4,6684400,\N,\N,\N,\N,1
3787,197,30,6,3,3,1,1,1,10.0,69,1:40:57.3,6057300,\N,\N,\N,\N,1
3809,198,30,6,3,2,1,1,1,10.0,71,1:34:45.0,5685000,\N,\N,\N,\N,1
3831,199,30,6,3,2,1,1,1,10.0,60,1:47:02.4,6422400,\N,\N,\N,\N,1
3853,200,57,1,8,3,1,1,1,10.0,71,1:30:44.0,5444000,\N,\N,\N,\N,1
3875,201,57,1,8,1,1,1,1,10.0,45,1:20:48.0,4848000,\N,\N,\N,\N,1
3896,202,30,6,3,3,1,1,1,10.0,77,1:45:26.4,6326400,\N,\N,\N,\N,1
3917,203,71,17,9,3,1,1,1,10.0,44,1:43:47.407,6227407,\N,\N,\N,\N,1
3939,204,30,6,3,1,1,1,1,10.0,53,1:17:10.3,4630300,\N,\N,\N,\N,1
3961,205,57,1,8,3,1,1,1,10.0,67,1:32:14.789,5534789,\N,\N,\N,\N,1
3983,206,57,1,8,2,1,1,1,10.0,51,1:27:23.4,5243400,\N,\N,\N,\N,1
4005,207,14,1,10,4,1,1,1,10.0,58,1:30:28.718,5428718,\N,\N,\N,\N,1
4029,208,35,3,3,1,1,1,1,10.0,72,1:36:06.990,5766990,\N,\N,\N,\N,1
4051,209,35,3,3,1,1,1,1,10.0,72,1:52:01.715,6721715,\N,\N,\N,\N,1
4073,210,49,3,4,2,1,1,1,10.0,62,1:31:00.673,5460673,\N,\N,\N,\N,1
4095,211,30,6,5,2,1,1,1,10.0,62,2:00:05.654,7205654,\N,\N,\N,\N,1
4117,212,35,3,3,1,1,1,1,10.0,64,1:30:35.896,5435896,\N,\N,\N,\N,1
4139,213,30,6,5,1,1,1,1,10.0,54,1:17:40.646,4660646,\N,\N,\N,\N,1
4161,214,30,6,5,1,1,1,1,10.0,72,1:38:50.492,5930492,\N,\N,\N,\N,1
4183,215,35,3,3,1,1,1,1,10.0,59,1:28:01.665,5281665,\N,\N,\N,\N,1
4205,216,77,22,8,1,1,1,1,10.0,45,1:20:59.046,4859046,\N,\N,\N,\N,1
4227,217,35,3,3,2,1,1,1,10.0,77,1:45:47.149,6347149,\N,\N,\N,\N,1
4249,218,30,6,5,3,1,1,1,10.0,44,1:33:46.717,5626717,\N,\N,\N,\N,1
4271,219,14,1,10,6,1,1,1,10.0,53,1:17:04.609,4624609,\N,\N,\N,\N,1
4293,220,35,3,3,1,1,1,1,10.0,71,1:27:35.999,5255999,\N,\N,\N,\N,1
4315,221,35,3,3,2,1,1,1,10.0,67,1:31:27.843,5487843,\N,\N,\N,\N,1
4337,222,30,6,5,2,1,1,1,10.0,53,1:29:48.446,5388446,\N,\N,\N,\N,1
4359,223,57,1,9,5,1,1,1,10.0,69,1:38:57.771,5937771,\N,\N,\N,\N,1
4381,224,71,3,5,2,1,1,1,10.0,58,1:32:50.4,5570400,\N,\N,\N,\N,1
4403,225,71,3,5,1,1,1,1,10.0,71,1:49:52.976,6592976,\N,\N,\N,\N,1
4425,226,71,3,5,1,1,1,1,10.0,72,1:54:55.322,6895322,\N,\N,\N,\N,1
4447,227,35,3,6,2,1,1,1,10.0,67,1:33:26.473,5606473,\N,\N,\N,\N,1
4469,228,71,3,5,2,1,1,1,10.0,63,1:35:26.156,5726156,\N,\N,\N,\N,1
4491,229,44,27,9,14,1,1,1,10.0,75,2:00:45.629,7245629,\N,\N,\N,\N,1
4513,230,30,6,1,3,1,1,1,10.0,65,1:59:49.307,7189307,\N,\N,\N,\N,1
4535,231,71,3,5,1,1,1,1,10.0,69,1:36:03.4,5763400,\N,\N,\N,\N,1
4557,232,71,3,5,2,1,1,1,10.0,72,1:36:29.2,5789200,\N,\N,\N,\N,1
4579,233,35,3,6,2,1,1,1,10.0,61,1:33:00.874,5580874,\N,\N,\N,\N,1
4601,234,71,3,5,1,1,1,1,10.0,45,1:21:43.417,4903417,\N,\N,\N,\N,1
4621,235,35,3,6,3,1,1,1,10.0,77,1:46:21.134,6381134,\N,\N,\N,\N,1
4641,236,30,6,1,3,1,1,1,10.0,44,1:28:15.125,5295125,\N,\N,\N,\N,1
4661,237,30,6,1,3,1,1,1,10.0,53,1:17:43.632,4663632,\N,\N,\N,\N,1
4681,238,35,3,6,2,1,1,1,10.0,70,1:40:22.915,6022915,\N,\N,\N,\N,1
4701,239,71,3,5,2,1,1,1,10.0,52,1:32:33.791,5553791,\N,\N,\N,\N,1
4721,240,30,22,1,2,1,1,1,10.0,71,1:38:34.154,5914154,\N,\N,\N,\N,1
4747,241,71,3,5,2,1,1,1,10.0,72,1:53:14.532,6794532,\N,\N,\N,\N,1
4773,242,71,3,5,4,1,1,1,10.0,63,1:41:42.522,6102522,\N,\N,\N,\N,1
4799,243,30,22,1,1,1,1,1,10.0,65,1:34:20.507,5660507,\N,\N,\N,\N,1
4825,244,30,22,1,2,1,1,1,10.0,78,1:53:11.258,6791258,\N,\N,\N,\N,1
4851,245,55,6,27,5,1,1,1,10.0,68,1:44:54.171,6294171,\N,\N,\N,\N,1
4875,246,30,22,1,2,1,1,1,10.0,72,1:38:28.429,5908429,\N,\N,\N,\N,1
4899,247,65,22,2,5,1,1,1,10.0,61,1:34:35.093,5675093,\N,\N,\N,\N,1
4923,248,30,22,1,2,1,1,1,10.0,45,1:22:56.043,4976043,\N,\N,\N,\N,1
4947,249,71,3,5,1,1,1,1,10.0,77,1:46:25.721,6385721,\N,\N,\N,\N,1
4971,250,30,22,1,16,1,1,1,10.0,44,1:36:47.875,5807875,\N,\N,\N,\N,1
4995,251,65,22,2,8,1,1,1,10.0,53,1:18:27.916,4707916,\N,\N,\N,\N,1
5019,252,14,3,6,1,1,1,1,10.0,71,1:41:52.145,6112145,\N,\N,\N,\N,1
5043,253,30,22,1,3,1,1,1,10.0,67,1:39:59.044,5999044,\N,\N,\N,\N,1
5067,254,30,22,1,3,1,1,1,10.0,83,1:48:49.972,6529972,\N,\N,\N,\N,1
5091,255,30,22,1,1,1,1,1,10.0,53,1:36:52.930,5812930,\N,\N,\N,\N,1
5115,256,71,3,5,1,1,1,1,10.0,81,1:49:15.946,6555946,\N,\N,\N,\N,1
5139,257,30,22,5,2,1,1,1,10.0,71,1:35:39.2,5739200,\N,\N,\N,\N,1
5167,258,30,22,5,2,1,1,1,10.0,83,1:46:01.693,6361693,\N,\N,\N,\N,1
5195,259,30,22,5,2,1,1,1,10.0,58,1:28:28.642,5308642,\N,\N,\N,\N,1
5223,260,30,22,5,1,1,1,1,10.0,78,1:49:55.3,6595300,\N,\N,\N,\N,1
5249,261,71,3,0,2,1,1,1,10.0,65,1:36:14.3,5774300,\N,\N,\N,\N,1
5276,262,30,22,5,1,1,1,1,10.0,69,1:44:32.1,6272100,\N,\N,\N,\N,1
5303,263,30,22,5,3,1,1,1,10.0,72,1:38:36.2,5916200,\N,\N,\N,\N,1
5331,264,71,3,0,1,1,1,1,10.0,60,1:30:03.640,5403640,\N,\N,\N,\N,1
5359,265,77,6,28,1,1,1,1,10.0,45,1:22:37.2,4957200,\N,\N,\N,\N,1
5387,266,30,22,5,1,1,1,1,10.0,77,1:48:00.185,6480185,\N,\N,\N,\N,1
5415,267,71,3,0,3,1,1,1,10.0,44,1:28:47.1,5327100,\N,\N,\N,\N,1
5443,268,71,3,0,3,1,1,1,10.0,53,1:18:03.2,4683200,\N,\N,\N,\N,1
5471,269,71,3,0,2,1,1,1,10.0,71,1:45:10.1,6310100,\N,\N,\N,\N,1
5499,270,30,22,5,1,1,1,1,10.0,69,1:40:27.3,6027300,\N,\N,\N,\N,1
5527,271,71,3,0,2,1,1,1,10.0,50,1:55:53.532,6953532,\N,\N,\N,\N,1
5555,272,95,3,2,1,1,1,1,10.0,81,1:47:51.4,6471400,\N,\N,\N,\N,1
5583,273,117,3,2,1,1,1,1,10.0,72,1:38:45.082,5925082,\N,\N,\N,\N,1
5609,274,102,1,8,3,1,1,1,10.0,71,1:51:15.485,6675485,\N,\N,\N,\N,1
5635,275,102,1,8,4,1,1,1,10.0,76,1:50:46.570,6646570,\N,\N,\N,\N,1
5661,276,117,3,2,1,1,1,1,10.0,61,1:33:20.413,5600413,\N,\N,\N,\N,1
5687,277,117,3,2,1,1,1,1,10.0,65,1:32:27.685,5547685,\N,\N,\N,\N,1
5713,278,102,1,8,3,1,1,1,10.0,78,1:52:10.947,6730947,\N,\N,\N,\N,1
5739,279,117,3,2,1,1,1,1,10.0,69,1:36:41.822,5801822,\N,\N,\N,\N,1
5765,280,117,3,2,2,1,1,1,10.0,72,1:38:35.241,5915241,\N,\N,\N,\N,1
5791,281,117,3,2,1,1,1,1,10.0,59,1:25:38.189,5138189,\N,\N,\N,\N,1
5817,282,117,3,2,1,1,1,1,10.0,45,1:18:40.885,4720885,\N,\N,\N,\N,1
5843,283,71,3,0,2,1,1,1,10.0,77,1:47:39.098,6459098,\N,\N,\N,\N,1
5869,284,71,3,0,2,1,1,1,10.0,44,1:24:32.124,5072124,\N,\N,\N,\N,1
5895,285,71,3,0,2,1,1,1,10.0,53,1:17:07.509,4627509,\N,\N,\N,\N,1
5921,286,30,22,5,6,1,1,1,10.0,71,1:32:46.309,5566309,\N,\N,\N,\N,1
5947,287,102,1,8,2,1,1,1,10.0,53,1:40:27.912,6027912,\N,\N,\N,\N,1
5971,288,102,1,8,1,1,1,1,10.0,79,1:43:27.476,6207476,\N,\N,\N,\N,1
5995,289,95,3,5,1,1,1,1,10.0,72,1:36:45.320,5805320,\N,\N,\N,\N,1
6025,290,95,3,5,1,1,1,1,10.0,69,1:31:53.587,5513587,\N,\N,\N,\N,1
6055,291,95,3,5,1,1,1,1,10.0,71,1:36:51.856,5811856,\N,\N,\N,\N,1
6085,292,95,3,5,1,1,1,1,10.0,65,1:56:10.674,6970674,\N,\N,\N,\N,1
6117,293,95,3,5,1,1,1,1,10.0,60,1:28:40.927,5320927,\N,\N,\N,\N,1
6149,294,102,1,1,3,1,1,1,10.0,78,1:50:59.372,6659372,\N,\N,\N,\N,1
6181,295,77,1,2,4,1,1,1,10.0,69,1:37:08.299,5828299,\N,\N,\N,\N,1
6212,296,95,3,5,1,1,1,1,10.0,69,1:38:08.459,5888459,\N,\N,\N,\N,1
6242,297,95,3,5,1,1,1,1,10.0,59,1:25:42.991,5142991,\N,\N,\N,\N,1
6274,298,95,3,5,1,1,1,1,10.0,45,1:18:22.032,4702032,\N,\N,\N,\N,1
6306,299,102,1,1,3,1,1,1,10.0,77,1:46:19.216,6379216,\N,\N,\N,\N,1
6337,300,30,22,19,3,1,1,1,10.0,44,1:36:10.721,5770721,\N,\N,\N,\N,1
6367,301,102,1,1,2,1,1,1,10.0,53,1:18:15.349,4695349,\N,\N,\N,\N,1
6395,302,95,3,5,1,1,1,1,10.0,71,1:34:46.659,5686659,\N,\N,\N,\N,1
6421,303,119,3,6,2,1,1,1,10.0,53,1:33:09.533,5589533,\N,\N,\N,\N,1
6447,304,77,1,2,4,1,1,1,10.0,81,1:46:54.786,6414786,\N,\N,\N,\N,1
6473,305,102,1,1,1,1,1,1,10.0,81,2:00:47.828,7247828,\N,\N,\N,\N,1
6507,306,102,1,1,1,1,1,1,10.0,71,1:38:28.128,5908128,\N,\N,\N,\N,1
6541,307,102,1,1,1,1,1,1,10.0,61,1:35:14.750,5714750,\N,\N,\N,\N,1
6575,308,102,1,1,1,1,1,1,10.0,78,1:53:02.334,6782334,\N,\N,\N,\N,1
6609,309,137,22,20,8,1,1,1,10.0,69,1:38:51.490,5931490,\N,\N,\N,\N,1
6643,310,119,3,6,1,1,1,1,10.0,67,1:29:52.205,5392205,\N,\N,\N,\N,1
6677,311,95,3,5,4,1,1,1,10.0,72,1:38:00.056,5880056,\N,\N,\N,\N,1
6711,312,95,3,5,1,1,1,1,10.0,59,1:27:35.479,5255479,\N,\N,\N,\N,1
6745,313,95,3,5,1,1,1,1,10.0,45,1:19:29.661,4769661,\N,\N,\N,\N,1
6779,314,102,1,1,1,1,1,1,10.0,77,1:49:12.796,6552796,\N,\N,\N,\N,1
6813,315,102,1,1,1,1,1,1,10.0,44,1:27:17.669,5237669,\N,\N,\N,\N,1
6847,316,95,3,5,2,1,1,1,10.0,53,1:17:54.319,4674319,\N,\N,\N,\N,1
6881,317,119,3,6,1,1,1,1,10.0,71,1:35:42.304,5742304,\N,\N,\N,\N,1
6915,318,95,3,5,2,1,1,1,10.0,65,1:38:41.541,5921541,\N,\N,\N,\N,1
6948,319,77,1,2,1,1,1,1,10.0,53,1:32:10.695,5530695,\N,\N,\N,\N,1
6980,320,102,1,1,1,1,1,1,5.0,14,24:34.899,1474899,\N,\N,\N,\N,1
7012,321,102,1,27,5,1,1,1,9.0,72,1:52:32.829,6752829,\N,\N,\N,\N,1
7047,322,117,6,1,6,1,1,1,9.0,71,1:37:21.258,5841258,\N,\N,\N,\N,1
7082,323,119,3,6,3,1,1,1,9.0,61,1:30:55.478,5455478,\N,\N,\N,\N,1
7117,324,102,1,27,1,1,1,1,9.0,78,1:52:46.982,6766982,\N,\N,\N,\N,1
7152,325,102,1,27,1,1,1,1,9.0,70,1:42:56.400,6176400,\N,\N,\N,\N,1
7187,326,117,6,1,13,1,1,1,9.0,69,1:32:35.783,5555783,\N,\N,\N,\N,1
7222,327,117,6,1,4,1,1,1,9.0,80,1:33:29.606,5609606,\N,\N,\N,\N,1
7257,328,117,6,1,5,1,1,1,9.0,64,1:18:30.999,4710999,\N,\N,\N,\N,1
7292,329,102,1,27,1,1,1,1,9.0,45,1:20:47.164,4847164,\N,\N,\N,\N,1
7327,330,123,3,5,1,1,1,1,9.0,77,1:49:30.597,6570597,\N,\N,\N,\N,1
7362,331,102,1,27,1,1,1,1,9.0,44,1:26:31.997,5191997,\N,\N,\N,\N,1
7395,332,102,1,27,1,1,1,1,9.0,53,1:17:57.878,4677878,\N,\N,\N,\N,1
7428,333,95,6,2,1,1,1,1,9.0,61,1:22:11.014,4931014,\N,\N,\N,\N,1
7461,334,117,6,1,2,1,1,1,9.0,73,1:48:01.461,6481461,\N,\N,\N,\N,1
7494,335,137,22,20,6,1,1,1,9.0,53,1:34:36.824,5676824,\N,\N,\N,\N,1
7524,336,137,22,20,7,1,1,1,9.0,81,1:49:44.570,6584570,\N,\N,\N,\N,1
7554,1,18,23,22,1,1,1,1,10.0,58,1:34:15.784,5655784,17,3,1:28.020,216.891,1
7574,2,18,23,22,1,1,1,1,5.0,31,1:10:52.092,4252092,18,1,1:36.641,206.483,1
7594,3,20,9,15,1,1,1,1,10.0,56,1:57:43.485,7063485,42,2,1:52.627,174.235,1
7614,4,18,23,22,4,1,1,1,10.0,57,1:31:48.182,5508182,11,3,1:34.588,205.979,1
7634,5,18,23,22,1,1,1,1,10.0,66,1:37:19.202,5839202,17,2,1:22.899,202.149,1
7654,6,18,23,22,1,1,1,1,10.0,78,1:40:44.282,6044282,49,2,1:15.190,159.914,1
7674,7,18,23,22,2,1,1,1,10.0,58,1:26:24.848,5184848,40,1,1:27.579,219.422,1
7694,8,20,9,15,1,1,1,1,10.0,60,1:22:49.328,4969328,16,1,1:20.735,229.238,1
7714,9,17,9,14,1,1,1,1,10.0,60,1:36:43.310,5803310,37,3,1:34.003,197.151,1
7734,10,1,1,1,4,1,1,1,10.0,70,1:38:23.876,5903876,16,4,1:22.479,191.219,1
7754,11,22,23,23,3,1,1,1,10.0,57,1:35:51.289,5751289,39,3,1:38.990,197.074,1
7774,12,8,6,4,6,1,1,1,10.0,44,1:23:50.995,5030995,42,4,1:47.674,234.173,1
7794,13,22,23,23,5,1,1,1,10.0,53,1:16:21.706,4581706,48,5,1:24.967,245.445,1
7814,14,1,1,1,1,1,1,1,10.0,61,1:56:06.337,6966337,36,2,1:48.345,168.561,1
7834,15,20,9,15,1,1,1,1,10.0,53,1:28:20.443,5300443,43,2,1:32.572,225.826,1
7854,16,17,9,14,2,1,1,1,10.0,71,1:32:23.081,5543081,25,1,1:13.733,210.386,1
7874,356,95,6,27,6,1,1,1,9.0,61,1:38:58.744,5938744,\N,\N,\N,\N,1
7912,357,102,1,1,1,1,1,1,9.0,58,1:26:51.245,5211245,\N,\N,\N,\N,1
7951,358,102,1,1,1,1,1,1,9.0,77,1:53:33.251,6813251,\N,\N,\N,\N,1
7989,359,102,1,1,1,1,1,1,9.0,69,1:35:21.431,5721431,\N,\N,\N,\N,1
8028,360,117,1,2,2,1,1,1,9.0,75,2:01:33.133,7293133,\N,\N,\N,\N,1
8067,361,123,3,5,6,1,1,1,9.0,69,2:01:24.073,7284073,\N,\N,\N,\N,1
8106,362,117,1,2,1,1,1,1,9.0,80,1:38:29.411,5909411,\N,\N,\N,\N,1
8145,363,117,1,2,2,1,1,1,9.0,64,1:19:22.131,4762131,\N,\N,\N,\N,1
8184,364,102,1,1,1,1,1,1,9.0,45,1:21:43.302,4903302,\N,\N,\N,\N,1
8222,365,95,6,27,12,1,1,1,9.0,77,1:49:38.650,6578650,\N,\N,\N,\N,1
8261,366,102,1,1,1,1,1,1,9.0,44,1:40:54.196,6054196,\N,\N,\N,\N,1
8300,367,117,1,2,4,1,1,1,9.0,53,1:19:27.550,4767550,\N,\N,\N,\N,1
8339,368,77,6,28,2,1,1,1,9.0,71,1:36:48.546,5808546,\N,\N,\N,\N,1
8378,369,102,1,1,1,1,1,1,9.0,73,1:47:48.264,6468264,\N,\N,\N,\N,1
8416,370,145,22,19,6,1,1,1,9.0,53,1:35:06.277,5706277,\N,\N,\N,\N,1
8455,371,123,3,5,5,1,1,1,9.0,70,2:00:17.421,7217421,\N,\N,\N,\N,1
8494,372,117,1,11,3,1,1,1,9.0,60,1:36:06.857,5766857,\N,\N,\N,\N,1
8525,373,102,1,12,1,1,1,1,9.0,60,1:32:41.264,5561264,\N,\N,\N,\N,1
8555,374,117,1,11,2,1,1,1,9.0,78,1:57:17.077,7037077,\N,\N,\N,\N,1
8586,375,117,1,11,2,1,1,1,9.0,67,1:30:15.737,5415737,\N,\N,\N,\N,1
8617,376,102,1,12,1,1,1,1,9.0,69,1:39:46.618,5986618,\N,\N,\N,\N,1
8648,377,102,1,12,1,1,1,1,9.0,63,1:54:56.035,6896035,\N,\N,\N,\N,1
8679,378,117,1,11,1,1,1,1,9.0,80,1:37:37.328,5857328,\N,\N,\N,\N,1
8710,379,102,1,12,3,1,1,1,9.0,65,1:33:16.367,5596367,\N,\N,\N,\N,1
8741,380,102,1,12,1,1,1,1,9.0,44,1:32:54.188,5574188,\N,\N,\N,\N,1
8772,381,102,1,12,1,1,1,1,9.0,76,1:57:47.081,7067081,\N,\N,\N,\N,1
8803,382,102,1,12,1,1,1,1,9.0,43,1:28:00.549,5280549,\N,\N,\N,\N,1
8834,383,77,6,28,3,1,1,1,9.0,51,1:17:39.744,4659744,\N,\N,\N,\N,1
8865,384,117,1,11,1,1,1,1,9.0,70,1:37:40.958,5860958,\N,\N,\N,\N,1
8896,385,117,1,11,2,1,1,1,9.0,72,1:48:43.851,6523851,\N,\N,\N,\N,1
8927,386,102,1,12,1,1,1,1,9.0,51,1:33:26.173,5606173,\N,\N,\N,\N,1
8958,387,117,1,11,2,1,1,1,9.0,82,1:53:14.676,6794676,\N,\N,\N,\N,1
8989,388,117,1,1,5,1,1,1,9.0,61,1:39:45.141,5985141,\N,\N,\N,\N,1
9012,389,95,3,5,2,1,1,1,9.0,59,1:31:24.076,5484076,\N,\N,\N,\N,1
9039,390,117,1,1,6,1,1,1,9.0,43,1:27:03.217,5223217,\N,\N,\N,\N,1
9065,391,102,32,12,2,1,1,1,9.0,78,1:57:54.085,7074085,\N,\N,\N,\N,1
9091,392,102,32,12,2,1,1,1,9.0,63,1:50:16.358,6616358,\N,\N,\N,\N,1
9117,393,95,3,5,1,1,1,1,9.0,80,1:37:03.839,5823839,\N,\N,\N,\N,1
9143,394,95,3,5,2,1,1,1,9.0,65,1:19:11.780,4751780,\N,\N,\N,\N,1
9169,395,137,3,6,4,1,1,1,9.0,44,1:21:25.091,4885091,\N,\N,\N,\N,1
9195,396,137,3,6,3,1,1,1,9.0,76,1:59:26.793,7166793,\N,\N,\N,\N,1
9221,397,95,3,5,2,1,1,1,9.0,52,1:18:44.898,4724898,\N,\N,\N,\N,1
9247,398,137,3,6,1,1,1,1,9.0,50,1:14:47.707,4487707,\N,\N,\N,\N,1
9275,399,117,1,1,3,1,1,1,9.0,70,1:37:03.906,5823906,\N,\N,\N,\N,1
9301,400,95,3,5,2,1,1,1,9.0,72,1:49:12.692,6552692,\N,\N,\N,\N,1
9328,401,95,3,5,1,1,1,1,9.0,63,1:26:24.207,5184207,\N,\N,\N,\N,1
9354,402,77,6,28,1,1,1,1,9.0,51,1:32:58.072,5578072,\N,\N,\N,\N,1
9381,403,77,6,28,1,1,1,1,9.0,82,1:52:56.144,6776144,\N,\N,\N,\N,1
9408,404,137,3,6,2,1,1,1,9.0,61,1:39:32.583,5972583,\N,\N,\N,\N,1
9433,405,102,32,12,1,1,1,1,9.0,72,1:48:47.735,6527735,\N,\N,\N,\N,1
9458,406,117,1,1,4,1,1,1,9.0,60,1:32:28.408,5548408,\N,\N,\N,\N,1
9484,407,117,1,1,1,1,1,1,9.0,78,1:55:41.060,6941060,\N,\N,\N,\N,1
9509,408,95,3,5,5,1,1,1,9.0,43,1:27:57.925,5277925,\N,\N,\N,\N,1
9534,409,95,3,5,1,1,1,1,9.0,69,1:42:26.415,6146415,\N,\N,\N,\N,1
9559,410,102,32,12,1,1,1,1,9.0,63,1:51:12.847,6672847,\N,\N,\N,\N,1
9585,411,95,3,5,2,1,1,1,9.0,80,1:37:19.272,5839272,\N,\N,\N,\N,1
9611,412,95,3,5,2,1,1,1,9.0,75,1:30:38.471,5438471,\N,\N,\N,\N,1
9637,413,137,3,6,5,1,1,1,9.0,44,1:22:08.263,4928263,\N,\N,\N,\N,1
9663,414,137,3,6,2,1,1,1,9.0,76,2:00:34.508,7234508,\N,\N,\N,\N,1
9689,415,117,1,1,5,1,1,1,9.0,52,1:21:22.531,4882531,\N,\N,\N,\N,1
9715,416,137,3,6,6,1,1,1,9.0,51,1:17:42.889,4662889,\N,\N,\N,\N,1
9742,417,95,3,5,2,1,1,1,9.0,70,1:37:21.900,5841900,\N,\N,\N,\N,1
9769,418,77,22,20,4,1,1,1,9.0,68,1:33:18.700,5598700,\N,\N,\N,\N,1
9794,419,117,1,1,4,1,1,1,9.0,82,1:54:20.388,6860388,\N,\N,\N,\N,1
9820,420,117,1,2,6,1,1,1,9.0,61,1:41:26.115,6086115,\N,\N,\N,\N,1
9845,421,102,32,12,1,1,1,1,9.0,67,2:00:28.006,7228006,\N,\N,\N,\N,1
9871,422,173,32,11,3,1,1,1,9.0,60,1:34:35.955,5675955,\N,\N,\N,\N,1
9897,423,117,1,2,5,1,1,1,9.0,78,1:51:58.034,6718034,\N,\N,\N,\N,1
9922,424,105,6,27,3,1,1,1,9.0,70,1:46:01.813,6361813,\N,\N,\N,\N,1
9947,425,177,3,6,5,1,1,1,9.0,63,1:55:39.851,6939851,\N,\N,\N,\N,1
9972,426,137,34,7,5,1,1,1,9.0,53,1:31:46.266,5506266,\N,\N,\N,\N,1
9998,427,117,1,2,3,1,1,1,9.0,65,1:18:10.436,4690436,\N,\N,\N,\N,1
10024,428,105,6,27,8,1,1,1,9.0,67,1:35:31.337,5731337,\N,\N,\N,\N,1
10051,429,117,1,2,1,1,1,1,9.0,52,1:20:12.583,4812583,\N,\N,\N,\N,1
10078,430,182,1,1,10,1,1,1,9.0,70,1:32:29.263,5549263,\N,\N,\N,\N,1
10104,431,117,1,2,5,1,1,1,9.0,51,1:17:59.451,4679451,\N,\N,\N,\N,1
10130,432,102,32,12,2,1,1,1,9.0,43,1:34:19.893,5659893,\N,\N,\N,\N,1
10154,433,95,3,5,3,1,1,1,9.0,75,1:32:58.109,5578109,\N,\N,\N,\N,1
10180,434,95,3,5,1,1,1,1,9.0,75,1:28:22.866,5302866,\N,\N,\N,\N,1
10201,435,177,3,6,3,1,1,1,9.0,82,2:00:40.473,7240473,\N,\N,\N,\N,1
10226,436,117,1,7,4,1,1,1,9.0,61,1:42:34.492,6154492,\N,\N,\N,\N,1
10253,437,182,1,8,8,1,1,1,9.0,75,1:29:23.430,5363430,\N,\N,\N,\N,1
10280,438,105,6,27,1,1,1,1,9.0,70,1:36:32.048,5792048,\N,\N,\N,\N,1
10307,439,117,1,7,2,1,1,1,9.0,60,1:36:53.679,5813679,\N,\N,\N,\N,1
10335,440,182,1,8,9,1,1,1,9.0,79,1:31:11.951,5471951,\N,\N,\N,\N,1
10361,441,117,1,7,1,1,1,1,4.5,31,1:01:07.740,3667740,\N,\N,\N,\N,1
10388,442,137,34,1,1,1,1,1,9.0,70,1:46:23.748,6383748,\N,\N,\N,\N,1
10414,443,137,34,1,1,1,1,1,9.0,63,1:55:41.842,6941842,\N,\N,\N,\N,1
10441,444,177,3,6,8,1,1,1,9.0,67,2:01:22.617,7282617,\N,\N,\N,\N,1
10467,445,182,1,8,3,1,1,1,9.0,71,1:29:28.532,5368532,\N,\N,\N,\N,1
10495,446,117,1,7,1,1,1,1,9.0,44,1:24:43.210,5083210,\N,\N,\N,\N,1
10522,447,182,1,8,4,1,1,1,9.0,51,1:21:12.851,4872851,\N,\N,\N,\N,1
10549,448,117,1,7,1,1,1,1,9.0,71,1:37:21.468,5841468,\N,\N,\N,\N,1
10576,449,182,1,8,4,1,1,1,9.0,51,1:20:29.065,4829065,\N,\N,\N,\N,1
10603,450,117,1,7,2,1,1,1,9.0,67,1:35:13.284,5713284,\N,\N,\N,\N,1
10629,451,117,1,7,2,1,1,1,9.0,70,1:41:11.753,6071753,\N,\N,\N,\N,1
10656,452,137,34,5,4,1,1,1,9.0,63,1:48:27.731,6507731,\N,\N,\N,\N,1
10684,453,187,1,7,22,1,1,1,9.0,75,1:53:34.889,6814889,\N,\N,\N,\N,1
10712,454,117,4,15,1,1,1,1,9.0,54,1:34:13.913,5653913,\N,\N,\N,\N,1
10741,455,175,6,27,3,1,1,1,9.0,60,1:37:52.460,5872460,\N,\N,\N,\N,1
10769,456,177,3,1,5,1,1,1,9.0,76,1:56:38.121,6998121,\N,\N,\N,\N,1
10797,457,117,4,15,1,1,1,1,9.0,40,1:27:11.502,5231502,\N,\N,\N,\N,1
10825,458,105,25,3,6,1,1,1,9.0,60,1:50:53.669,6653669,\N,\N,\N,\N,1
10852,459,163,6,28,1,1,1,1,9.0,70,1:48:31.838,6511838,\N,\N,\N,\N,1
10880,460,117,4,15,3,1,1,1,9.0,67,1:24:39.780,5079780,\N,\N,\N,\N,1
10909,461,163,6,28,2,1,1,1,9.0,45,1:27:10.319,5230319,\N,\N,\N,\N,1
10938,462,117,4,15,5,1,1,1,9.0,53,1:24:32.745,5072745,\N,\N,\N,\N,1
10967,463,163,6,28,10,1,1,1,9.0,72,1:38:41.950,5921950,\N,\N,\N,\N,1
10996,464,137,34,5,4,1,1,1,9.0,52,1:23:10.880,4990880,\N,\N,\N,\N,1
11025,465,137,34,5,4,1,1,1,9.0,76,1:36:45.865,5805865,\N,\N,\N,\N,1
11054,466,119,34,6,3,1,1,1,9.0,77,1:33:25.708,5605708,\N,\N,\N,\N,1
11080,467,117,4,15,5,1,1,1,9.0,77,1:32:08.401,5528401,\N,\N,\N,\N,1
11111,468,117,4,15,1,1,1,1,9.0,63,1:44:33.134,6273134,\N,\N,\N,\N,1
11142,469,182,1,8,2,1,1,1,9.0,75,1:58:25.318,7105318,\N,\N,\N,\N,1
11173,470,202,6,28,4,1,1,1,9.0,60,1:36:38.887,5798887,\N,\N,\N,\N,1
11187,471,187,1,7,10,1,1,1,9.0,70,1:35:41.995,5741995,\N,\N,\N,\N,1
11219,472,119,34,2,2,1,1,1,9.0,76,1:54:11.259,6851259,\N,\N,\N,\N,1
11250,473,187,1,7,17,1,1,1,9.0,62,1:58:41.043,7121043,\N,\N,\N,\N,1
11279,474,137,34,1,4,1,1,1,9.0,70,1:46:39.577,6399577,\N,\N,\N,\N,1
11308,475,202,6,28,4,1,1,1,9.0,72,1:38:03.254,5883254,\N,\N,\N,\N,1
11339,476,182,1,8,5,1,1,1,9.0,76,1:35:33.812,5733812,\N,\N,\N,\N,1
11369,477,163,4,16,1,1,1,1,9.0,54,1:33:33.217,5613217,\N,\N,\N,\N,1
11398,478,175,6,27,5,1,1,1,9.0,45,1:27:25.178,5245178,\N,\N,\N,\N,1
11427,479,173,32,11,7,1,1,1,9.0,53,1:25:02.212,5102212,\N,\N,\N,\N,1
11456,480,177,3,6,8,1,1,1,9.0,80,1:32:41.087,5561087,\N,\N,\N,\N,1
11485,481,163,4,16,6,1,1,1,9.0,52,1:22:25.734,4945734,\N,\N,\N,\N,1
11515,482,105,25,3,3,1,1,1,9.0,75,1:41:56.888,6116888,\N,\N,\N,\N,1
11545,483,178,3,1,2,1,1,1,9.0,80,1:50:41.33,6641330,\N,\N,\N,\N,1
11574,484,199,3,2,2,1,1,1,9.0,62,2:00:23.66,7223660,\N,\N,\N,\N,1
11604,485,137,34,5,1,1,1,1,9.0,53,1:34:32.74,5672740,\N,\N,\N,\N,1
11633,486,137,34,5,5,1,1,1,9.0,60,1:51:23.97,6683970,\N,\N,\N,\N,1
11665,487,199,3,2,1,1,1,1,9.0,54,1:16:31.61,4591610,\N,\N,\N,\N,1
11696,488,203,6,27,2,1,1,1,9.0,76,1:54:23.38,6863380,\N,\N,\N,\N,1
11727,489,203,6,27,7,1,1,1,9.0,80,1:46:35.01,6395010,\N,\N,\N,\N,1
11757,490,117,4,15,3,1,1,1,9.0,80,1:35:48.13,5748130,\N,\N,\N,\N,1
11786,491,187,1,7,5,1,1,1,9.0,68,1:26:54.80,5214800,\N,\N,\N,\N,1
11816,492,137,34,5,6,1,1,1,9.0,45,1:25:55.60,5155600,\N,\N,\N,\N,1
11846,493,172,27,26,4,1,1,1,9.0,53,1:27:36.47,5256470,\N,\N,\N,\N,1
11874,494,117,4,15,1,1,1,1,9.0,72,1:40:22.43,6022430,\N,\N,\N,\N,1
11904,495,117,4,15,3,1,1,1,9.0,52,1:26:36.897,5196897,\N,\N,\N,\N,1
11934,496,172,27,26,10,1,1,1,9.0,63,2:01:25.20,7285200,\N,\N,\N,\N,1
11964,497,178,3,1,2,1,1,1,9.0,75,1:44:09.077,6249077,\N,\N,\N,\N,1
11994,498,178,3,27,1,1,1,1,9.0,53,1:43:24.38,6204380,\N,\N,\N,\N,1
12022,499,163,4,16,6,1,1,1,9.0,40,1:40:01.33,6001330,\N,\N,\N,\N,1
12050,500,163,4,16,2,1,1,1,9.0,78,1:36:52.54,5812540,\N,\N,\N,\N,1
12078,501,137,34,5,1,1,1,1,9.0,80,1:50:19.4,6619400,\N,\N,\N,\N,1
12105,502,202,27,25,2,1,1,1,9.0,72,1:38:47.4,5927400,\N,\N,\N,\N,1
12132,503,199,3,28,2,1,1,1,9.0,76,1:55:34.365,6934365,\N,\N,\N,\N,1
12159,504,178,3,27,4,1,1,1,9.0,54,1:32:43.4,5563400,\N,\N,\N,\N,1
12186,505,178,3,27,3,1,1,1,9.0,76,1:34:49.228,5689228,\N,\N,\N,\N,1
12213,506,172,27,26,5,1,1,1,9.0,45,1:23:59.73,5039730,\N,\N,\N,\N,1
12239,507,219,4,15,2,1,1,1,9.0,54,1:26:15.73,5175730,\N,\N,\N,\N,1
12265,508,137,34,5,5,1,1,1,9.0,72,1:38:13.83,5893830,\N,\N,\N,\N,1
12294,509,137,34,5,5,1,1,1,9.0,60,1:38:07.52,5887520,\N,\N,\N,\N,1
12322,510,178,3,27,2,1,1,1,9.0,70,1:46:45.53,6405530,\N,\N,\N,\N,1
12350,511,178,3,27,5,1,1,1,9.0,59,1:34:36.05,5676050,\N,\N,\N,\N,1
12377,512,172,27,26,1,1,1,1,9.0,53,1:36:03.21,5763210,\N,\N,\N,\N,1
12403,513,172,27,26,1,1,1,1,9.0,40,1:40:09.64,6009640,\N,\N,\N,\N,1
12429,514,203,6,12,3,1,1,1,9.0,78,1:41:49.96,6109960,\N,\N,\N,\N,1
12455,515,203,6,12,1,1,1,1,9.0,80,1:50:25.40,6625400,\N,\N,\N,\N,1
12481,516,221,27,25,2,1,1,1,9.0,75,1:39:11.84,5951840,\N,\N,\N,\N,1
12508,517,222,6,11,7,1,1,1,9.0,70,1:39:59.53,5999530,\N,\N,\N,\N,1
12536,518,222,6,11,1,1,1,1,9.0,76,1:55:22.48,6922480,\N,\N,\N,\N,1
12561,519,219,4,15,1,1,1,1,9.0,80,1:35:20.42,5720420,\N,\N,\N,\N,1
12588,520,223,3,28,4,1,1,1,9.0,68,1:26:11.17,5171170,\N,\N,\N,\N,1
12614,521,178,3,27,2,1,1,1,9.0,45,1:24:48.83,5088830,\N,\N,\N,\N,1
12640,522,178,3,27,2,1,1,1,9.0,54,1:27:38.01,5258010,\N,\N,\N,\N,1
12666,523,178,3,27,2,1,1,1,9.0,75,1:41:19.775,6079775,\N,\N,\N,\N,1
12692,524,222,6,11,3,1,1,1,9.0,50,1:22:00.22,4920220,\N,\N,\N,\N,1
12720,525,178,3,27,1,1,1,1,9.0,72,1:52:06.892,6726892,\N,\N,\N,\N,1
12750,526,203,6,12,3,1,1,1,9.0,59,1:52:17.734,6737734,\N,\N,\N,\N,1
12780,527,207,32,5,1,1,1,1,9.0,52,1:37:04.47,5824470,\N,\N,\N,\N,1
12807,528,199,6,11,4,1,1,1,9.0,63,1:49:59.86,6599860,\N,\N,\N,\N,1
12835,529,238,32,6,12,1,1,1,9.0,78,1:42:15.767,6135767,\N,\N,\N,\N,1
12865,530,199,6,11,1,1,1,1,9.0,80,1:52:01.301,6721301,\N,\N,\N,\N,1
12895,531,221,25,4,5,1,1,1,9.0,75,1:55:14.66,6914660,\N,\N,\N,\N,1
12925,532,207,32,5,1,1,1,1,9.0,70,1:39:52.02,5992020,\N,\N,\N,\N,1
12955,533,207,32,5,1,1,1,1,9.0,75,1:41:47.06,6107060,\N,\N,\N,\N,1
12984,534,182,34,1,3,1,1,1,9.0,70,1:41:00.606,6060606,\N,\N,\N,\N,1
13011,535,207,32,5,2,1,1,1,9.0,54,1:38:51.92,5931920,\N,\N,\N,\N,1
13040,536,199,6,11,8,1,1,1,9.0,76,1:42:12.39,6132390,\N,\N,\N,\N,1
13070,537,207,32,5,1,1,1,1,9.0,45,1:28:00.90,5280900,\N,\N,\N,\N,1
13100,538,238,32,6,1,1,1,1,9.0,54,1:41:21.57,6081570,\N,\N,\N,\N,1
13131,539,207,32,5,1,1,1,1,9.0,75,1:41:04.23,6064230,\N,\N,\N,\N,1
13164,540,182,34,1,4,1,1,1,9.0,40,1:07:04.54,4024540,\N,\N,\N,\N,1
13196,541,199,6,11,2,1,1,1,9.0,59,1:40:48.800,6048800,\N,\N,\N,\N,1
13223,542,203,6,12,3,1,1,1,9.0,70,1:57:49.196,7069196,\N,\N,\N,\N,1
13251,543,222,59,20,11,1,1,1,9.0,53,1:40:11.19,6011190,\N,\N,\N,\N,1
13272,544,199,6,12,2,1,1,1,9.0,40,1:45:07.72,6307720,\N,\N,\N,\N,1
13294,545,182,6,11,3,1,1,1,9.0,78,1:42:21.6,6141600,\N,\N,\N,\N,1
13317,546,207,32,5,2,1,1,1,9.0,80,1:51:35.470,6695470,\N,\N,\N,\N,1
13339,547,207,32,5,1,1,1,1,9.0,75,1:42:52.220,6172220,\N,\N,\N,\N,1
13370,548,222,59,20,2,1,1,1,9.0,76,1:57:52.77,7072770,\N,\N,\N,\N,1
13396,549,255,32,6,3,1,1,1,9.0,70,1:55:05.71,6905710,\N,\N,\N,\N,1
13427,550,172,27,26,8,1,1,1,9.0,72,1:46:56.4,6416400,\N,\N,\N,\N,1
13458,551,207,32,5,1,1,1,1,9.0,80,1:39:40.13,5980130,\N,\N,\N,\N,1
13488,552,231,1,1,1,1,1,1,9.0,68,1:31:46.06,5506060,\N,\N,\N,\N,1
13524,553,182,6,11,3,1,1,1,9.0,47,1:31:49.3,5509300,\N,\N,\N,\N,1
13553,554,178,58,17,14,1,1,1,9.0,54,1:37:16.49,5836490,\N,\N,\N,\N,1
13583,555,182,6,11,4,1,1,1,9.0,75,1:41:45.93,6105930,\N,\N,\N,\N,1
13617,556,207,32,5,4,1,1,1,9.0,52,1:27:50.30,5270300,\N,\N,\N,\N,1
13651,557,231,1,1,1,1,1,1,9.0,59,1:58:23.267,7103267,\N,\N,\N,\N,1
13678,558,222,59,20,9,1,1,1,9.0,80,1:40:00.0,6000000,\N,\N,\N,\N,1
13705,559,231,1,1,2,1,1,1,9.0,73,1:31:51.68,5511680,\N,\N,\N,\N,1
13728,560,182,6,1,2,1,1,1,9.0,40,1:45:16.78,6316780,\N,\N,\N,\N,1
13750,561,182,6,1,2,1,1,1,9.0,78,1:42:18.4,6138400,\N,\N,\N,\N,1
13775,562,223,6,2,1,1,1,1,9.0,80,1:53:18.471,6798471,\N,\N,\N,\N,1
13802,563,231,1,11,1,1,1,1,9.0,75,1:42:20.43,6140430,\N,\N,\N,\N,1
13832,564,182,6,1,1,1,1,1,9.0,70,1:42:53.23,6173230,\N,\N,\N,\N,1
13861,565,182,6,1,1,1,1,1,9.0,78,1:59:51.47,7191470,\N,\N,\N,\N,1
13886,566,222,25,3,1,1,1,1,9.0,72,1:46:53.729,6413729,\N,\N,\N,\N,1
13913,567,231,1,11,1,1,1,1,9.0,54,1:40:58.60,6058600,\N,\N,\N,\N,1
13943,568,182,6,1,1,1,1,1,9.0,76,1:44:19.66,6259660,\N,\N,\N,\N,1
13973,569,231,1,11,1,1,1,1,9.0,14,1:41:42.7,6102700,\N,\N,\N,\N,1
14001,570,187,67,28,2,1,1,1,9.0,54,1:30:07.86,5407860,\N,\N,\N,\N,1
14026,571,231,1,11,2,1,1,1,9.0,75,1:44:52.09,6292090,\N,\N,\N,\N,1
14053,572,238,37,10,8,1,1,1,9.0,52,1:30:35.6,5435600,\N,\N,\N,\N,1
14082,573,231,1,11,1,1,1,1,9.0,80,1:40:09.626,6009626,\N,\N,\N,\N,1
14109,574,231,1,11,1,1,1,1,9.0,59,1:42:40.742,6160742,\N,\N,\N,\N,1
14136,575,207,32,5,1,1,1,1,9.0,73,1:43:58.86,6238860,\N,\N,\N,\N,1
14162,576,224,1,1,5,1,1,1,9.0,53,1:39:26.29,5966290,\N,\N,\N,\N,1
14185,577,250,34,8,6,1,1,1,9.0,40,1:44:41.17,6281170,\N,\N,\N,\N,1
14208,578,222,25,3,3,1,1,1,9.0,78,1:43:16.90,6196900,\N,\N,\N,\N,1
14236,579,200,1,2,11,1,1,1,4.5,29,42:53.7,2573700,\N,\N,\N,\N,1
14262,580,182,6,12,1,1,1,1,9.0,75,2:01:21.31,7281310,\N,\N,\N,\N,1
14288,581,182,6,12,1,1,1,1,9.0,70,1:43:53.98,6233980,\N,\N,\N,\N,1
14312,582,182,6,12,5,1,1,1,9.0,80,1:59:18.319,7158319,\N,\N,\N,\N,1
14338,583,231,64,24,3,1,1,1,9.0,75,1:46:57.40,6417400,\N,\N,\N,\N,1
14363,584,182,6,12,1,1,1,1,9.0,54,1:40:18.84,6018840,\N,\N,\N,\N,1
14389,585,224,1,1,7,1,1,1,9.0,56,1:22:05.0,4925000,\N,\N,\N,\N,1
14417,586,199,34,7,10,1,1,1,9.0,14,1:41:14.1,6074100,\N,\N,\N,\N,1
14443,587,230,37,9,8,1,1,1,4.5,29,0:57:56.69,3476690,\N,\N,\N,\N,1
14473,588,223,6,11,2,1,1,1,9.0,52,1:22:42.6,4962600,\N,\N,\N,\N,1
14501,589,182,6,12,1,1,1,1,9.0,59,1:42:58.175,6178175,\N,\N,\N,\N,1
14525,590,304,1,6,10,1,1,1,9.0,53,1:41:02.01,6062010,\N,\N,\N,\N,1
14550,591,224,1,5,1,1,1,1,9.0,32,1:24:37.06,5077060,\N,\N,\N,\N,1
14575,592,199,34,7,4,1,1,1,9.0,78,1:42:40.96,6160960,\N,\N,\N,\N,1
14602,593,182,6,12,1,1,1,1,9.0,84,2:00:29.56,7229560,\N,\N,\N,\N,1
14629,594,224,1,5,4,1,1,1,9.0,85,1:44:20.57,6260570,\N,\N,\N,\N,1
14661,595,238,32,1,3,1,1,1,9.0,78,1:58:03.7,7083700,\N,\N,\N,\N,1
14689,596,222,25,3,2,1,1,1,9.0,80,1:58:31.391,7111391,\N,\N,\N,\N,1
14716,597,182,6,12,1,1,1,1,9.0,75,1:43:00.35,6180350,\N,\N,\N,\N,1
14743,598,238,32,1,2,1,1,1,9.0,80,1:21:55.02,4915020,\N,\N,\N,\N,1
14773,599,222,25,3,3,1,1,1,9.0,75,1:43:02.2,6182200,\N,\N,\N,\N,1
14807,600,223,6,11,2,1,1,1,9.0,14,1:41:35.0,6095000,\N,\N,\N,\N,1
14839,601,199,34,7,2,1,1,1,9.0,54,1:28:44.72,5324720,\N,\N,\N,\N,1
14870,602,238,32,1,7,1,1,1,9.0,52,1:22:56.6,4976600,\N,\N,\N,\N,1
14901,603,224,1,5,1,1,1,1,9.0,80,1:40:26.136,6026136,\N,\N,\N,\N,1
14931,604,199,34,7,1,1,1,1,9.0,59,1:40:21.439,6021439,\N,\N,\N,\N,1
14961,605,224,32,2,2,1,1,1,9.0,96,1:56:18.22,6978220,\N,\N,\N,\N,1
14980,606,224,32,1,2,1,1,1,9.0,40,1:43:55.6,6235600,\N,\N,\N,\N,1
15000,607,328,25,3,16,1,1,1,9.0,79,1:43:11.07,6191070,\N,\N,\N,\N,1
15025,608,224,32,1,7,1,1,1,9.0,75,1:48:18.7,6498700,\N,\N,\N,\N,1
15047,609,328,25,5,6,1,1,1,9.0,70,1:42:13.43,6133430,\N,\N,\N,\N,1
15070,610,328,25,5,1,1,1,1,9.0,78,1:57:44.3,7064300,\N,\N,\N,\N,1
15095,611,304,1,7,6,1,1,1,9.0,80,1:56:46.049,7006049,\N,\N,\N,\N,1
15116,612,238,32,2,5,1,1,1,9.0,54,1:41:36.52,6096520,\N,\N,\N,\N,1
15141,613,309,1,8,3,1,1,1,9.0,67,1:29:18.5,5358500,\N,\N,\N,\N,1
15170,614,328,25,5,2,1,1,1,9.0,72,1:39:12.45,5952450,\N,\N,\N,\N,1
15194,615,328,25,5,1,1,1,1,9.0,14,1:42:03.0,6123000,\N,\N,\N,\N,1
15216,616,238,32,2,2,1,1,1,9.0,54,1:28:48.78,5328780,\N,\N,\N,\N,1
15239,617,238,32,2,1,1,1,1,9.0,55,1:29:17.0,5357000,\N,\N,\N,\N,1
15264,618,309,1,8,2,1,1,1,9.0,80,1:59:04.083,7144083,\N,\N,\N,\N,1
15290,619,238,32,2,1,1,1,1,9.0,59,1:41:15.779,6075779,\N,\N,\N,\N,1
15318,620,328,25,21,2,1,1,1,9.0,95,1:57:59.1,7079100,\N,\N,\N,\N,1
15340,621,304,1,12,5,1,1,1,9.0,79,1:45:49.1,6349100,\N,\N,\N,\N,1
15366,622,224,32,5,3,1,1,1,9.0,90,2:03:41.2,7421200,\N,\N,\N,\N,1
15392,623,306,66,17,4,1,1,1,9.0,80,2:26:55.3,8815300,\N,\N,\N,\N,1
15417,624,224,32,32,1,1,1,1,9.0,85,1:44:07.3,6247300,\N,\N,\N,\N,1
15442,625,328,25,4,3,1,1,1,9.0,38,1:52:22.5,6742500,\N,\N,\N,\N,1
15467,626,224,32,8,2,1,1,1,9.0,76,1:47:50.2,6470200,\N,\N,\N,\N,1
15493,627,235,6,4,1,1,1,1,9.0,14,1:42:12.3,6132300,\N,\N,\N,\N,1
15520,628,224,32,31,1,1,1,1,9.0,54,1:29:16.660,5356660,\N,\N,\N,\N,1
15545,629,224,32,6,4,1,1,1,9.0,55,1:29:58.4,5398400,\N,\N,\N,\N,1
15572,630,328,25,1,5,1,1,1,9.0,80,1:43:17.1,6197100,\N,\N,\N,\N,1
15596,631,328,25,1,1,1,1,1,9.0,59,1:41:45.354,6105354,\N,\N,\N,\N,1
15627,632,207,6,6,4,1,1,1,9.0,79,1:47:35.5,6455500,\N,\N,\N,\N,1
15652,633,328,25,11,4,1,1,1,9.0,75,1:49:03.4,6543400,\N,\N,\N,\N,1
15673,634,328,25,11,1,1,1,1,9.0,80,1:52:21.3,6741300,\N,\N,\N,\N,1
15695,635,235,6,2,1,1,1,1,9.0,70,1:56:20.0,6980000,\N,\N,\N,\N,1
15718,636,328,25,11,1,1,1,1,9.0,55,1:46:42.3,6402300,\N,\N,\N,\N,1
15741,637,328,25,12,2,1,1,1,9.0,68,1:31:31.5,5491500,\N,\N,\N,\N,1
15765,638,328,25,2,1,1,1,1,9.0,12,1:29:16.3,5356300,\N,\N,\N,\N,1
15788,639,346,66,14,1,1,1,1,9.0,54,1:30:23.91,5423910,\N,\N,\N,\N,1
15810,640,320,66,18,11,1,1,1,9.0,55,1:18:12.60,4692600,\N,\N,\N,\N,1
15834,641,328,25,11,1,1,1,1,9.0,64,1:55:13.1,6913100,\N,\N,\N,\N,1
15860,642,327,25,9,5,1,1,1,9.0,59,1:43:51.991,6231991,\N,\N,\N,\N,1
15889,643,356,34,12,3,1,1,1,9.0,80,1:49:35.4,6575400,\N,\N,\N,\N,1
15912,644,328,37,1,3,1,1,1,9.0,90,2:10:58.2,7858200,\N,\N,\N,\N,1
15934,645,358,32,3,8,1,1,1,9.0,80,1:54:37.4,6877400,\N,\N,\N,\N,1
15955,646,345,66,1,6,1,1,1,9.0,28,1:38:10.1,5890100,\N,\N,\N,\N,1
15972,647,358,32,10,1,1,1,1,9.0,80,1:50:43.4,6643400,\N,\N,\N,\N,1
15996,648,358,32,6,6,1,1,1,9.0,38,1:55:57.0,6957000,\N,\N,\N,\N,1
16019,649,358,32,5,1,1,1,1,9.0,80,1:57:02.0,7022000,\N,\N,\N,\N,1
16042,650,358,32,2,2,1,1,1,9.0,50,1:42:00.3,6120300,\N,\N,\N,\N,1
16067,17,20,9,15,2,1,1,1,10.0,55,1:34:03.414,5643414,54,1,1:40.279,199.387,1
16087,651,235,6,12,3,1,1,1,9.0,60,1:42:17.3,6137300,\N,\N,\N,\N,1
16111,652,223,6,4,3,1,1,1,9.0,68,1:39:07.1,5947100,\N,\N,\N,\N,1
16138,653,235,6,18,2,1,1,1,9.0,90,1:21:18.4,4878400,\N,\N,\N,\N,1
16158,654,224,32,24,3,1,1,1,9.0,108,1:57:32.79,7052790,\N,\N,\N,\N,1
16185,655,235,6,3,3,1,1,1,9.0,65,1:53:28.3,6808300,\N,\N,\N,\N,1
16203,656,328,196,7,4,1,1,1,9.0,80,1:50:39.1,6639100,\N,\N,\N,\N,1
16221,657,328,196,7,4,1,1,1,9.0,90,2:16:54.0,8214000,\N,\N,\N,\N,1
16235,658,289,180,1,4,1,1,1,9.0,80,1:56:59.4,7019400,\N,\N,\N,\N,1
16251,659,328,196,4,2,1,1,1,9.0,90,2:06:42.08,7602080,\N,\N,\N,\N,1
16266,660,328,196,2,1,1,1,1,9.0,38,1:56:47.4,7007400,\N,\N,\N,\N,1
16279,661,328,196,3,2,1,1,1,9.0,84,1:55:55.6,6955600,\N,\N,\N,\N,1
16296,662,235,182,6,1,1,1,1,9.0,14,1:49:55.4,6595400,\N,\N,\N,\N,1
16310,663,328,196,20,3,1,1,1,9.0,68,1:39:11.26,5951260,\N,\N,\N,\N,1
16325,664,235,182,11,1,1,1,1,9.0,90,1:59:25.7,7165700,\N,\N,\N,\N,1
16345,665,358,180,2,1,1,1,1,9.0,108,1:57:56.84,7076840,\N,\N,\N,\N,1
16363,666,304,187,5,4,1,1,1,9.0,65,1:54:08.80,6848800,\N,\N,\N,\N,1
16380,667,373,180,4,1,1,1,1,9.0,80,1:53:56.6,6836600,\N,\N,\N,\N,1
16403,668,289,180,10,6,1,1,1,9.0,90,2:15:02.1,8102100,\N,\N,\N,\N,1
16417,669,289,180,9,1,1,1,1,9.0,80,2:00:32.3,7232300,\N,\N,\N,\N,1
16435,670,360,187,5,6,1,1,1,9.0,28,1:40:02.1,6002100,\N,\N,\N,\N,1
16453,671,328,196,8,5,1,1,1,9.0,90,2:46:11.2,9971200,\N,\N,\N,\N,1
16472,672,235,6,26,3,1,1,1,9.0,60,2:25:40.9,8740900,\N,\N,\N,\N,1
16489,673,346,180,22,4,1,1,1,9.0,80,2:01:20.3,7280300,\N,\N,\N,\N,1
16509,674,328,196,6,6,1,1,1,9.0,14,2:19:03.2,8343200,\N,\N,\N,\N,1
16529,675,304,187,1,7,1,1,1,9.0,68,1:40:14.8,6014800,\N,\N,\N,\N,1
16551,676,304,187,1,6,1,1,1,9.0,90,2:27:11.2,8831200,\N,\N,\N,\N,1
16572,677,328,196,15,2,1,1,1,9.0,108,1:59:20.29,7160290,\N,\N,\N,\N,1
16592,678,289,180,10,3,1,1,1,9.0,65,1:56:43.95,7003950,\N,\N,\N,\N,1
16613,679,345,167,4,4,1,1,1,9.0,80,2:05:45.9,7545900,\N,\N,\N,\N,1
16631,680,304,191,9,4,1,1,1,9.0,100,2:34:34.3,9274300,\N,\N,\N,\N,1
16650,681,373,180,5,8,1,1,1,9.0,90,2:14:45.1,8085100,\N,\N,\N,\N,1
16667,682,364,190,36,2,1,1,1,9.0,28,1:40:49.4,6049400,\N,\N,\N,\N,1
16685,683,356,191,3,2,1,1,1,9.0,80,2:13:21.3,8001300,\N,\N,\N,\N,1
16700,684,373,180,5,1,1,1,1,9.0,80,1:59:25.6,7165600,\N,\N,\N,\N,1
16721,685,304,191,2,2,1,1,1,9.0,15,2:05:55.7,7555700,\N,\N,\N,\N,1
16745,686,356,191,1,7,1,1,1,9.0,90,2:40:40.0,9640000,\N,\N,\N,\N,1
16763,687,341,11,14,9,1,1,1,9.0,68,1:43:45.0,6225000,\N,\N,\N,\N,1
16781,688,373,180,5,2,1,1,1,9.0,108,2:03:13.2,7393200,\N,\N,\N,\N,1
16799,689,373,180,5,1,1,1,1,9.0,65,1:59:28.70,7168700,\N,\N,\N,\N,1
16818,690,328,66,12,3,1,1,1,9.0,100,2:33:10.5,9190500,\N,\N,\N,\N,1
16834,691,341,6,6,1,1,1,1,9.0,28,2:09:11.3,7751300,\N,\N,\N,\N,1
16852,692,356,191,12,4,1,1,1,9.0,48,1:48:31.3,6511300,\N,\N,\N,\N,1
16869,693,356,191,5,1,1,1,1,9.0,80,2:13:13.4,7993400,\N,\N,\N,\N,1
16889,694,356,191,16,1,1,1,1,9.0,90,2:20:32.5,8432500,\N,\N,\N,\N,1
16906,695,356,191,3,5,1,1,1,9.0,15,2:27:03.0,8823000,\N,\N,\N,\N,1
16925,696,375,6,6,2,1,1,1,9.0,68,1:47:14.8,6434800,\N,\N,\N,\N,1
16947,697,373,176,1,2,1,1,1,9.0,108,2:09:40.11,7780110,\N,\N,\N,\N,1
16966,698,341,167,7,1,1,1,1,9.0,65,2:06:35.34,7595340,\N,\N,\N,\N,1
16984,699,373,172,5,1,1,1,1,9.0,85,2:06:46.0,7606000,\N,\N,\N,\N,1
17015,700,289,66,3,1,1,1,1,9.0,100,2:37:39.6,9459600,\N,\N,\N,\N,1
17032,701,373,172,17,2,1,1,1,9.0,32,2:23:34.8,8614800,\N,\N,\N,\N,1
17051,702,373,172,6,1,1,1,1,9.0,40,2:41:38.4,9698400,\N,\N,\N,\N,1
17068,703,373,172,5,1,1,1,1,9.0,80,2:05:25.4,7525400,\N,\N,\N,\N,1
17091,704,373,172,6,2,1,1,1,9.0,80,2:03:59.1,7439100,\N,\N,\N,\N,1
17108,705,373,172,1,1,1,1,1,9.0,15,2:07:52.4,7672400,\N,\N,\N,\N,1
17129,706,328,66,32,3,1,1,1,9.0,76,2:04:52.8,7492800,\N,\N,\N,\N,1
17152,707,289,66,3,1,1,1,1,9.0,110,2:20:36.1,8436100,\N,\N,\N,\N,1
17170,708,386,11,11,3,1,1,1,9.0,65,2:08:32.10,7712100,\N,\N,\N,\N,1
17189,709,289,66,8,3,1,1,1,9.0,100,2:41:19.5,9679500,\N,\N,\N,\N,1
17212,710,373,172,18,2,1,1,1,9.0,80,2:07:35.4,7655400,\N,\N,\N,\N,1
17230,711,373,172,23,6,1,1,1,9.0,32,2:06:40.5,7600500,\N,\N,\N,\N,1
17248,712,364,183,22,2,1,1,1,9.0,57,2:07:49.1,7669100,\N,\N,\N,\N,1
17265,713,373,172,1,1,1,1,1,9.0,80,2:15:07.0,8107000,\N,\N,\N,\N,1
17290,714,341,6,7,1,1,1,1,9.0,15,2:12:04.8,7924800,\N,\N,\N,\N,1
17313,715,385,6,8,7,1,1,1,9.0,105,2:06:18.23,7578230,\N,\N,\N,\N,1
17333,716,341,6,2,1,1,1,1,9.0,78,2:10:51.8,7851800,\N,\N,\N,\N,1
17357,717,289,66,3,4,1,1,1,9.0,110,2:16:38.0,8198000,\N,\N,\N,\N,1
17376,718,364,183,6,2,1,1,1,9.0,65,2:09:50.32,7790320,\N,\N,\N,\N,1
17395,719,289,66,6,2,1,1,1,9.0,100,2:41:49.7,9709700,\N,\N,\N,\N,1
17420,720,373,172,1,8,1,1,1,9.0,32,2:27:47.6,8867600,\N,\N,\N,\N,1
17444,721,373,172,6,1,1,1,1,9.0,80,2:08:13.7,7693700,\N,\N,\N,\N,1
17465,722,373,172,18,1,1,1,1,9.0,53,2:10:54.3,7854300,\N,\N,\N,\N,1
17489,723,373,172,4,1,1,1,1,9.0,82,2:14:09.6,8049600,\N,\N,\N,\N,1
17515,724,341,6,7,2,1,1,1,9.0,15,2:13:06.8,7986800,\N,\N,\N,\N,1
17544,725,373,172,8,3,1,1,1,9.0,86,2:24:19.6,8659600,\N,\N,\N,\N,1
17577,726,289,66,1,1,1,1,1,9.0,110,2:19:22.1,8362100,\N,\N,\N,\N,1
17601,727,373,172,8,1,1,1,1,9.0,65,2:09:52.1,7792100,\N,\N,\N,\N,1
17626,729,289,66,17,2,1,1,1,9.0,80,2:11:02.1,7862100,\N,\N,\N,\N,1
17648,730,360,170,14,3,1,1,1,9.0,100,2:46:29.7,9989700,\N,\N,\N,\N,1
17672,731,373,172,16,13,1,1,1,9.0,32,2:07:32.3,7652300,\N,\N,\N,\N,1
17698,732,364,95,30,6,1,1,1,9.0,54,2:07:05.5,7625500,\N,\N,\N,\N,1
17720,733,373,172,20,1,1,1,1,9.0,75,2:26:20.8,8780800,\N,\N,\N,\N,1
17746,734,289,66,11,2,1,1,1,9.0,15,2:38:45.3,9525300,\N,\N,\N,\N,1
17777,735,289,66,14,2,1,1,1,9.0,86,2:29:08.4,8948400,\N,\N,\N,\N,1
17808,736,373,172,8,1,1,1,1,9.0,100,2:07:13.0,7633000,\N,\N,\N,\N,1
17828,737,289,66,3,2,1,1,1,9.0,82,2:08:03.3,7683300,\N,\N,\N,\N,1
17849,738,475,172,20,1,1,1,1,9.0,100,2:45:50.1,9950100,\N,\N,\N,\N,1
17870,739,476,6,3,2,1,1,1,9.0,75,2:01:52.1,7312100,\N,\N,\N,\N,1
17887,740,403,6,4,1,1,1,1,9.0,30,2:03:03.8,7383800,\N,\N,\N,\N,1
17913,741,394,6,50,12,1,1,1,9.0,52,2:14:17.5,8057500,\N,\N,\N,\N,1
17944,742,476,6,4,4,1,1,1,9.0,75,2:40:53.6,9653600,\N,\N,\N,\N,1
17975,743,475,172,7,3,1,1,1,9.0,15,2:18:12.4,8292400,\N,\N,\N,\N,1
18008,744,403,6,2,4,1,1,1,9.0,43,2:03:13.0,7393000,\N,\N,\N,\N,1
18047,745,404,172,15,8,1,1,1,9.0,100,2:13:45.8,8025800,\N,\N,\N,\N,1
18067,746,360,170,16,13,1,1,1,8.0,80,2:17:49.5,8269500,\N,\N,\N,\N,1
18089,747,475,32,28,1,1,1,1,8.0,100,2:53:45.5,10425500,\N,\N,\N,\N,1
18113,748,509,107,4,2,1,1,1,8.0,200,3:36:11.36,12971360,\N,\N,\N,\N,1
18146,749,356,170,11,2,1,1,1,8.0,75,2:01:47.2,7307200,\N,\N,\N,\N,1
18167,750,356,170,2,1,1,1,1,8.0,36,2:21:37.3,8497300,\N,\N,\N,\N,1
18186,751,356,170,16,1,1,1,1,8.0,50,1:57:24.9,7044900,\N,\N,\N,\N,1
18209,752,356,170,1,1,1,1,1,8.0,77,2:04:24.3,7464300,\N,\N,\N,\N,1
18234,753,356,170,2,3,1,1,1,8.0,55,2:19:00.03,8340030,\N,\N,\N,\N,1
18249,754,403,6,20,1,1,1,1,8.0,50,2:21:09.2,8469200,\N,\N,\N,\N,1
18266,755,475,32,5,1,1,1,1,8.0,75,2:28:52.2,8932200,\N,\N,\N,\N,1
18289,756,356,170,24,3,1,1,1,9.0,100,2:55:51.3,10551300,\N,\N,\N,\N,1
18313,757,449,107,5,6,1,1,1,8.0,200,3:40:49.20,13249200,\N,\N,\N,\N,1
18346,758,347,66,7,1,1,1,1,8.0,75,2:05:26.8,7526800,\N,\N,\N,\N,1
18361,759,479,6,24,1,1,1,1,8.0,50,2:01:26.5,7286500,\N,\N,\N,\N,1
18383,760,356,170,12,1,1,1,1,8.0,75,2:30:11.6,9011600,\N,\N,\N,\N,1
18413,761,479,6,4,1,1,1,1,9.0,60,2:09:31.6,7771600,\N,\N,\N,\N,1
18428,762,475,170,4,1,1,1,1,9.0,62,2:11:55.41,7915410,\N,\N,\N,\N,1
18444,763,475,170,14,1,1,1,1,8.0,72,2:04:05.4,7445400,\N,\N,\N,\N,1
18465,764,360,170,9,10,1,1,1,8.0,42,2:12:35.7,7955700,\N,\N,\N,\N,1
18484,765,475,87,14,7,1,1,1,8.0,80,2:19:33.7,8373700,\N,\N,\N,\N,1
18494,766,427,87,20,5,1,1,1,8.0,100,2:52:27.9,10347900,\N,\N,\N,\N,1
18525,767,475,118,1,2,1,1,1,9.0,75,2:04:49.2,7489200,\N,\N,\N,\N,1
18543,768,525,108,1,7,1,1,1,8.0,200,3:44:13.80,13453800,\N,\N,\N,\N,1
18576,769,479,118,4,5,1,1,1,8.0,24,1:37:06.3,5826300,\N,\N,\N,\N,1
18595,770,578,6,4,1,1,1,1,9.0,50,2:03:21.3,7401300,\N,\N,\N,\N,1
18616,771,581,6,1,6,1,1,1,8.0,75,2:09:04.2,7744200,\N,\N,\N,\N,1
18636,772,479,118,8,2,1,1,1,8.0,15,2:21:15.0,8475000,\N,\N,\N,\N,1
18662,773,475,118,2,1,1,1,1,8.0,50,2:11:27.80,7887800,\N,\N,\N,\N,1
18677,774,479,118,28,2,1,1,1,8.0,70,2:03:47.8,7427800,\N,\N,\N,\N,1
18698,775,475,118,8,2,1,1,1,9.0,53,2:09:15.1,7755100,\N,\N,\N,\N,1
18723,776,579,105,2,2,1,1,1,8.0,100,3:00:55.9,10855900,\N,\N,\N,\N,1
18737,777,579,105,32,1,1,1,1,9.0,105,3:10:12.8,11412800,\N,\N,\N,\N,1
18758,778,611,108,9,13,1,1,1,8.0,200,3:41:14.25,13274250,\N,\N,\N,\N,1
18791,779,579,105,2,1,1,1,1,8.0,77,3:07:46.4,11266400,\N,\N,\N,\N,1
18806,780,479,118,20,3,1,1,1,4.0,90,3:06:37.8,11197800,\N,\N,\N,\N,1
18825,781,579,105,1,1,1,1,1,9.0,22,3:30:38.3,12638300,\N,\N,\N,\N,1
18849,782,475,118,26,2,1,1,1,9.0,18,2:59:22.7,10762700,\N,\N,\N,\N,1
18865,783,475,118,18,2,1,1,1,8.0,87,2:35:03.9,9303900,\N,\N,\N,\N,1
18883,784,577,6,34,3,1,1,1,4.0,98,3:00:03.7,10803700,\N,\N,\N,\N,1
18896,785,475,105,28,2,1,1,1,8.0,100,3:00:32.9,10832900,\N,\N,\N,\N,1
18914,786,559,107,8,1,1,1,1,8.0,200,3:53:28.84,14008840,\N,\N,\N,\N,1
18947,787,581,6,8,3,1,1,1,8.0,36,2:40:00.3,9600300,\N,\N,\N,\N,1
18962,788,581,6,14,3,1,1,1,8.0,61,2:34:23.4,9263400,\N,\N,\N,\N,1
18982,789,579,6,1,2,1,1,1,8.0,101,2:59:47.0,10787000,\N,\N,\N,\N,1
19010,790,579,6,1,1,1,1,1,9.0,22,3:38:43.7,13123700,\N,\N,\N,\N,1
19032,791,475,105,36,6,1,1,1,9.0,50,2:23:41.3,8621300,\N,\N,\N,\N,1
19057,792,579,131,2,3,1,1,1,9.0,96,3:00:38.6,10838600,\N,\N,\N,\N,1
19078,793,427,6,44,9,1,1,1,8.0,100,2:58:09.8,10689800,\N,\N,\N,\N,1
19101,794,628,113,6,14,1,1,1,8.0,200,3:53:59.53,14039530,\N,\N,\N,\N,1
19134,795,579,131,10,2,1,1,1,9.0,36,2:39:29.0,9569000,\N,\N,\N,\N,1
19150,796,579,131,8,1,1,1,1,8.0,100,2:54:23.8,10463800,\N,\N,\N,\N,1
19166,797,475,131,12,1,1,1,1,9.0,90,3:07:21.2,11241200,\N,\N,\N,\N,1
19191,798,579,131,18,1,1,1,1,8.0,50,2:25:04.4,8704400,\N,\N,\N,\N,1
19214,799,579,105,2,3,1,1,1,8.0,87,3:00:55.8,10855800,\N,\N,\N,\N,1
19232,800,657,113,14,19,1,1,1,8.0,200,3:49:17.27,13757270,\N,\N,\N,\N,1
19265,801,579,105,26,1,1,1,1,9.0,36,2:44:42.4,9882400,\N,\N,\N,\N,1
19279,802,579,131,18,1,1,1,1,8.0,61,2:42:47.9,9767900,\N,\N,\N,\N,1
19301,803,498,6,9,2,1,1,1,8.14,90,2:56:14.0,10574000,\N,\N,\N,\N,1
19333,804,579,131,18,1,1,1,1,8.0,22,3:45:45.8,13545800,\N,\N,\N,\N,1
19356,805,579,131,4,2,1,1,1,9.0,66,3:00:34.5,10834500,\N,\N,\N,\N,1
19373,806,579,131,16,1,1,1,1,8.0,80,2:47:47.9,10067900,\N,\N,\N,\N,1
19394,807,578,6,38,3,1,1,1,8.0,80,3:13:52.1,11632100,\N,\N,\N,\N,1
19416,808,647,6,10,1,1,1,1,9.0,97,3:01:04.6,10864600,\N,\N,\N,\N,1
19432,809,657,113,14,1,1,1,1,9.0,200,3:53:01.69,13981690,\N,\N,\N,\N,1
19465,810,647,6,2,1,1,1,1,8.0,90,2:53:35.8,10415800,\N,\N,\N,\N,1
19484,811,647,6,10,2,1,1,1,8.0,36,2:48:30.3,10110300,\N,\N,\N,\N,1
19504,812,578,6,16,7,1,1,1,8.0,60,2:44:18.6,9858600,\N,\N,\N,\N,1
19529,813,647,6,5,1,1,1,1,8.5,90,2:50:00.0,10200000,\N,\N,\N,\N,1
19556,814,642,6,12,3,1,1,1,8.0,18,3:02:25.0,10945000,\N,\N,\N,\N,1
19590,815,647,6,46,2,1,1,1,9.0,65,3:01:34.40,10894400,\N,\N,\N,\N,1
19610,816,579,105,50,2,1,1,1,9.0,80,2:49:45.9,10185900,\N,\N,\N,\N,1
19640,817,641,6,30,2,1,1,1,9.0,62,3:01:46.1,10906100,\N,\N,\N,\N,1
19661,818,526,114,98,7,1,1,1,8.0,200,3:52:41.88,13961880,\N,\N,\N,\N,1
19694,819,647,6,4,1,1,1,1,9.0,36,3:03:46.3,11026300,\N,\N,\N,\N,1
19716,820,647,6,8,1,1,1,1,9.0,77,3:00:00.0,10800000,\N,\N,\N,\N,1
19736,821,647,6,15,2,1,1,1,9.0,85,2:46:11.0,9971000,\N,\N,\N,\N,1
19768,822,647,6,101,1,1,1,1,9.0,18,3:06:13.3,11173300,\N,\N,\N,\N,1
19798,823,647,6,2,1,1,1,1,9.0,90,2:53:28.5,10408500,\N,\N,\N,\N,1
19816,824,647,6,12,1,1,1,1,8.5,80,2:50:45.6,10245600,\N,\N,\N,\N,1
19851,825,579,51,24,1,1,1,1,9.0,42,2:07:53.64,7673640,\N,\N,\N,\N,1
19872,826,766,113,99,2,1,1,1,9.0,200,3:57:38.05,14258050,\N,\N,\N,\N,1
19905,827,642,51,4,2,1,1,1,8.0,36,2:45:46.2,9946200,\N,\N,\N,\N,1
19918,828,786,51,8,7,1,1,1,4.0,77,3:22:11.0,12131000,\N,\N,\N,\N,1
19941,829,498,6,12,1,1,1,1,8.0,90,2:42:18.2,9738200,\N,\N,\N,\N,1
19961,830,647,6,71,1,1,1,1,8.0,20,3:23:03.3,12183300,\N,\N,\N,\N,1
19983,831,647,6,2,3,1,1,1,8.0,80,2:42:39.3,9759300,\N,\N,\N,\N,1
20005,832,579,51,22,2,1,1,1,9.0,70,2:46:54.10,10014100,\N,\N,\N,\N,1
20025,833,642,51,2,1,1,1,1,9.0,70,2:13:23.6,8003600,\N,\N,\N,\N,1
20046,834,579,51,34,1,1,1,1,9.0,100,3:13:18.7,11598700,\N,\N,\N,\N,1
20067,835,593,113,1,5,1,1,1,9.0,138,2:46:55.97,10015970,\N,\N,\N,\N,1
20100,836,642,51,16,2,1,1,1,9.0,42,2:02:53.7,7373700,\N,\N,\N,\N,1
20118,837,579,51,10,2,1,1,1,8.0,35,2:47:26.0,10046000,\N,\N,\N,\N,1
20132,838,579,51,6,1,1,1,1,9.0,64,2:57:52.8,10672800,\N,\N,\N,\N,1
20150,839,642,51,10,3,1,1,1,8.0,80,2:51:17.4,10277400,\N,\N,\N,\N,1
20186,828,579,51,8,7,1,1,1,5.0,77,3:22:11.0,12131000,\N,\N,\N,\N,1
20267,784,579,6,34,3,1,1,1,5.0,98,3:00:03.7,10803700,\N,\N,\N,\N,1
20291,780,475,118,20,3,1,1,1,5.0,90,3:06:37.8,11197800,\N,\N,\N,\N,1
20300,728,373,172,1,1,1,1,1,9.0,85,2:10:36.9,7836900,\N,\N,\N,\N,1
20323,337,4,6,8,3,1,1,1,25.0,49,1:39:20.396,5960396,45,1,1:58.287,191.706,1
20347,338,18,1,1,4,1,1,1,25.0,58,1:33:36.531,5616531,52,6,1:29.291,213.804,1
20371,339,20,9,5,3,1,1,1,25.0,56,1:33:48.412,5628412,53,6,1:37.813,204.009,1
20395,340,18,1,1,5,1,1,1,25.0,56,1:46:42.163,6402163,14,4,1:42.886,190.731,1
20419,341,17,9,6,1,1,1,1,25.0,66,1:35:44.101,5744101,62,2,1:24.828,197.552,1
20443,342,17,9,6,1,1,1,1,25.0,78,1:50:13.355,6613355,63,2,1:15.318,159.643,1
20467,343,1,1,2,2,1,1,1,25.0,58,1:28:47.620,5327620,54,12,1:30.075,213.342,1
20491,344,1,1,2,1,1,1,1,25.0,70,1:33:53.456,5633456,62,2,1:17.806,201.778,1
20515,345,20,9,5,1,1,1,1,25.0,57,1:40:29.571,6029571,52,3,1:39.141,196.774,1
20539,346,17,9,6,2,1,1,1,25.0,52,1:24:38.200,5078200,45,4,1:32.364,229.608,1
20563,347,4,6,8,2,1,1,1,25.0,67,1:27:38.864,5258864,66,2,1:15.880,217.005,1
20587,348,17,9,6,2,1,1,1,25.0,70,1:41:05.571,6065571,46,2,1:22.651,190.821,1
20611,349,1,1,2,2,1,1,1,25.0,44,1:29:04.268,5344268,32,1,1:49.069,231.178,1
20635,350,4,6,8,1,1,1,1,25.0,53,1:16:24.572,4584572,52,1,1:24.139,247.861,1
20659,351,4,6,8,1,1,1,1,25.0,61,1:57:53.579,7073579,58,1,1:47.976,169.137,1
20683,352,20,9,5,1,1,1,1,25.0,53,1:30:27.323,5427323,51,3,1:33.653,223.219,1
20707,353,4,6,8,3,1,1,1,25.0,55,2:48:20.810,10100810,42,1,1:50.257,183.335,1
20731,354,20,9,5,2,1,1,1,25.0,71,1:33:11.803,5591803,70,6,1:14.283,208.828,1
20755,355,20,9,5,1,1,1,1,25.0,55,1:39:36.837,5976837,50,4,1:41.739,196.526,1
20779,841,20,9,1,1,1,1,1,25.0,58,1:29:30.259,5370259,44,4,1:29.844,212.488,1
20801,842,20,9,1,1,1,1,1,25.0,56,1:37:39.832,5859832,33,6,1:41.539,196.523,1
20825,843,1,1,3,3,1,1,1,25.0,56,1:36:58.226,5818226,48,2,1:40.415,195.424,1
20849,844,20,9,1,1,1,1,1,25.0,58,1:30:17.558,5417558,50,3,1:29.937,213.669,1
20873,845,20,9,1,2,1,1,1,25.0,66,1:39:03.301,5943301,60,4,1:27.162,192.262,1
20897,846,20,9,1,1,1,1,1,25.0,78,2:09:38.373,7778373,78,2,1:16.267,157.656,1
20920,847,18,1,4,7,1,1,1,25.0,70,4:04:39.537,14679537,69,1,1:16.956,204.007,1
20944,848,20,9,1,1,1,1,1,25.0,57,1:39:36.169,5976169,53,1,1:41.852,191.536,1
20968,849,4,6,5,3,1,1,1,25.0,52,1:28:41.196,5321196,41,1,1:34.908,223.454,1
20992,850,1,1,3,2,1,1,1,25.0,60,1:37:30.334,5850334,59,1,1:34.302,196.526,1
21016,851,18,1,4,3,1,1,1,25.0,70,1:46:42.337,6402337,58,6,1:23.937,187.898,1
21040,852,20,9,1,1,1,1,1,25.0,44,1:26:44.893,5204893,36,4,1:50.451,228.285,1
21064,853,20,9,1,1,1,1,1,25.0,53,1:20:46.172,4846172,49,3,1:26.557,240.937,1
21088,854,20,9,1,1,1,1,1,25.0,61,1:59:06.757,7146757,51,2,1:48.688,168.029,1
21112,855,18,1,4,2,1,1,1,25.0,53,1:30:53.427,5453427,52,1,1:36.568,216.481,1
21136,856,20,9,1,2,1,1,1,25.0,55,1:38:01.994,5881994,55,1,1:39.605,202.941,1
21160,857,20,9,1,1,1,1,1,25.0,60,1:30:35.002,5435002,60,1,1:27.249,211.463,1
21184,858,1,1,3,2,1,1,1,25.0,55,1:37:11.886,5831886,51,3,1:43.461,193.255,1
21208,859,17,9,2,2,1,1,1,25.0,71,1:32:17.464,5537464,71,1,1:15.324,205.942,1
21232,860,18,1,3,2,1,1,1,25.0,58,1:34:09.565,5649565,56,1,1:29.187,214.053,1
21256,861,4,6,5,8,1,1,1,25.0,56,2:44:51.812,9891812,53,7,1:41.680,196.250,1
21280,862,3,131,8,1,1,1,1,25.0,56,1:36:26.929,5786929,40,8,1:40.967,194.356,1
21304,863,20,9,1,1,1,1,1,25.0,57,1:35:10.990,5710990,41,1,1:36.379,202.151,1
21328,864,813,3,18,1,1,1,1,25.0,66,1:39:09.145,5949145,26,6,1:27.906,190.635,1
21352,865,17,9,2,1,1,1,1,25.0,78,1:46:06.557,6366557,45,3,1:18.805,152.579,1
21376,866,1,1,4,2,1,1,1,25.0,70,1:32:29.586,5549586,59,6,1:17.020,203.837,1
21400,867,4,6,5,11,1,1,1,25.0,57,1:44:16.649,6256649,40,5,1:43.666,188.185,1
21424,868,17,9,2,2,1,1,1,25.0,52,1:25:11.288,5111288,49,4,1:34.934,223.393,1
21448,869,4,6,5,1,1,1,1,25.0,67,1:31:05.862,5465862,66,2,1:19.044,208.319,1
21472,870,1,1,4,1,1,1,1,25.0,69,1:41:05.503,6065503,65,4,1:25.677,184.082,1
21496,871,18,1,3,1,1,1,1,25.0,44,1:29:08.530,5348530,40,10,1:54.293,220.611,1
21520,872,1,1,4,1,1,1,1,25.0,53,1:19:41.221,4781221,52,5,1:28.427,235.841,1
21544,873,20,9,1,3,1,1,1,25.0,59,2:00:26.144,7226144,50,3,1:52.134,162.865,1
21568,874,20,9,1,1,1,1,1,25.0,53,1:28:56.242,5336242,52,1,1:35.774,218.276,1
21592,875,20,9,1,2,1,1,1,25.0,55,1:36:28.651,5788651,55,5,1:42.499,197.211,1
21616,876,20,9,1,1,1,1,1,25.0,60,1:31:10.744,5470744,60,4,1:28.723,207.950,1
21640,877,8,208,9,4,1,1,1,25.0,55,1:45:58.667,6358667,50,3,1:44.458,191.410,1
21664,878,1,1,4,2,1,1,1,25.0,56,1:35:55.269,5755269,55,5,1:39.709,199.047,1
21688,879,18,1,3,2,1,1,1,25.0,71,1:45:22.656,6322656,37,2,1:18.108,198.601,1
21712,880,8,208,7,7,1,1,1,25.0,58,1:30:03.225,5403225,56,1,1:29.274,213.845,1
21734,881,20,9,1,1,1,1,1,25.0,56,1:38:56.681,5936681,45,3,1:40.446,198.661,1
21756,882,4,6,3,3,1,1,1,25.0,56,1:36:26.945,5786945,46,4,1:39.506,197.210,1
21778,883,20,9,1,2,1,1,1,25.0,57,1:36:00.498,5760498,55,1,1:36.961,200.938,1
21800,884,4,6,3,5,1,1,1,25.0,66,1:39:16.596,5956596,53,5,1:26.681,193.329,1
21822,885,3,131,9,1,1,1,1,25.0,78,2:17:52.056,8272056,74,6,1:18.327,153.510,1
21844,886,20,9,1,1,1,1,1,25.0,70,1:32:09.143,5529143,55,5,1:16.561,205.060,1
21866,887,3,131,9,2,1,1,1,25.0,52,1:32:59.456,5579456,50,2,1:33.531,226.744,1
21888,888,20,9,1,2,1,1,1,25.0,60,1:41:14.711,6074711,59,5,1:34.164,196.814,1
21910,890,1,131,10,1,1,1,1,25.0,70,1:42:29.445,6149445,69,3,1:24.647,186.322,1
21932,891,20,9,1,2,1,1,1,25.0,44,1:23:42.196,5022196,40,1,1:50.756,227.657,1
21954,892,20,9,1,1,1,1,1,25.0,53,1:18:33.352,4713352,52,12,1:27.190,239.187,1
21976,893,20,9,1,1,1,1,1,25.0,61,1:59:13.132,7153132,46,1,1:48.574,167.940,1
21998,894,20,9,1,1,1,1,1,25.0,55,1:43:13.701,6193701,53,1,1:41.380,199.388,1
22020,895,20,9,1,2,1,1,1,25.0,53,1:26:49.301,5209301,39,4,1:35.317,219.322,1
22042,896,20,9,1,1,1,1,1,25.0,60,1:31:12.187,5472187,54,2,1:28.116,209.383,1
22064,897,20,9,1,2,1,1,1,25.0,55,1:38:06.106,5886106,51,2,1:43.893,192.451,1
22086,898,20,9,1,1,1,1,1,25.0,56,1:39:17.148,5957148,54,1,1:39.856,198.754,1
22108,899,20,9,1,1,1,1,1,25.0,71,1:32:36.300,5556300,51,3,1:15.624,205.125,1
22130,900,3,131,6,3,1,1,1,25.0,57,1:32:58.710,5578710,19,1,1:32.478,206.436,1
22152,901,1,131,44,1,1,1,1,25.0,56,1:40:25.974,6025974,53,1,1:43.066,193.611,1
22174,902,1,131,44,2,1,1,1,25.0,57,1:39:42.743,5982743,49,2,1:37.108,200.634,1
22196,903,1,131,44,1,1,1,1,25.0,54,1:33:28.338,5608338,42,2,1:41.196,193.916,1
22218,904,1,131,44,1,1,1,1,25.0,66,1:41:05.155,6065155,54,3,1:29.483,187.275,1
22240,905,3,131,6,1,1,1,1,25.0,78,1:49:27.661,6567661,33,4,1:19.425,151.388,1
22262,906,817,9,3,6,1,1,1,25.0,70,1:39:12.830,5952830,68,4,1:18.640,199.638,1
22284,907,3,131,6,3,1,1,1,25.0,71,1:27:54.976,5274976,50,6,1:12.598,214.518,1
22306,908,1,131,44,6,1,1,1,25.0,52,2:26:52.094,8812094,26,1,1:37.176,218.239,1
22328,909,3,131,6,1,1,1,1,25.0,67,1:33:42.914,5622914,67,6,1:21.298,202.543,1
22350,910,817,9,3,4,1,1,1,25.0,70,1:53:05.058,6785058,58,2,1:26.608,182.103,1
22373,911,817,9,3,5,1,1,1,25.0,44,1:24:36.556,5076556,44,6,1:52.974,223.187,1
22395,912,1,131,44,1,1,1,1,25.0,53,1:19:10.236,4750236,29,1,1:28.004,236.975,1
22417,913,1,131,44,1,1,1,1,25.0,60,2:00:04.795,7204795,39,1,1:50.417,165.137,1
22439,914,1,131,44,2,1,1,1,25.0,44,1:51:43.021,6703021,39,1,1:51.600,187.322,1
22461,915,1,131,44,1,1,1,1,25.0,53,1:31:50.744,5510744,48,3,1:41.606,207.200,1
22482,916,1,131,44,2,1,1,1,25.0,56,1:40:04.785,6004785,49,4,1:41.929,194.712,1
22500,917,3,131,6,1,1,1,1,25.0,71,1:30:02.555,5402555,62,2,1:13.619,210.711,1
22518,918,1,131,44,2,1,1,1,50.0,55,1:39:02.619,5942619,49,4,1:45.599,189.342,1
22538,926,1,131,44,1,1,1,1,25.0,58,1:31:54.067,5514067,50,1,1:30.945,209.915,1
22556,927,20,6,5,2,1,1,1,25.0,56,1:41:05.793,6065793,46,3,1:43.648,193.501,1
22576,928,1,131,44,1,1,1,1,25.0,56,1:39:42.008,5982008,31,1,1:42.208,191.996,1
22596,929,1,131,44,1,1,1,1,25.0,57,1:35:05.809,5705809,38,5,1:37.857,199.098,1
22616,930,3,131,6,1,1,1,1,25.0,66,1:41:12.555,6072555,53,2,1:29.109,188.061,1
22636,931,3,131,6,2,1,1,1,25.0,78,1:49:18.420,6558420,76,2,1:18.599,152.841,1
22656,932,1,131,44,1,1,1,1,25.0,70,1:31:53.145,5513145,64,3,1:17.472,202.648,1
22676,933,3,131,6,2,1,1,1,25.0,71,1:30:16.930,5416930,35,1,1:11.235,218.622,1
22696,934,1,131,44,1,1,1,1,25.0,52,1:31:27.729,5487729,29,1,1:37.093,218.425,1
22716,936,20,6,5,3,1,1,1,25.0,69,1:46:09.985,6369985,63,5,1:26.772,181.759,1
22736,937,1,131,44,1,1,1,1,25.0,43,1:23:40.387,5020387,34,2,1:52.504,224.120,1
22756,938,1,131,44,1,1,1,1,25.0,53,1:18:00.688,4680688,48,1,1:26.672,240.617,1
22776,939,20,6,5,1,1,1,1,25.0,61,2:01:22.118,7282118,53,2,1:50.069,165.659,1
22796,940,1,131,44,2,1,1,1,25.0,53,1:28:06.508,5286508,33,1,1:36.145,217.434,1
22816,941,1,131,44,2,1,1,1,25.0,53,1:37:11.024,5831024,44,3,1:40.573,209.328,1
22837,942,1,131,44,2,1,1,1,25.0,56,1:50:52.703,6652703,48,2,1:40.738,197.014,1
22857,943,3,131,6,1,1,1,1,25.0,71,1:42:35.038,6155038,67,1,1:20.521,192.426,1
22877,944,3,131,6,1,1,1,1,25.0,71,1:31:09.090,5469090,57,2,1:14.957,206.950,1
22897,945,3,131,6,1,1,1,1,25.0,55,1:38:30.175,5910175,37,5,1:45.356,189.779,1
22917,948,3,131,6,2,1,1,1,25.0,57,1:48:15.565,6495565,21,3,1:30.557,210.815,1
22939,949,3,131,6,2,1,1,1,25.0,57,1:33:34.696,5614696,41,1,1:34.482,206.210,1
22961,950,3,131,6,1,1,1,1,25.0,56,1:38:53.891,5933891,38,6,1:40.418,195.419,1
22983,951,3,131,6,1,1,1,1,25.0,53,1:32:41.997,5561997,52,1,1:39.094,212.452,1
23005,952,830,9,33,4,1,1,1,25.0,66,1:41:40.017,6100017,36,6,1:28.816,188.682,1
23027,953,1,131,44,3,1,1,1,25.0,78,1:59:29.133,7169133,71,1,1:17.939,154.135,1
23049,954,1,131,44,1,1,1,1,25.0,70,1:31:05.296,5465296,68,2,1:15.981,206.625,1
23071,955,3,131,6,1,1,1,1,25.0,51,1:32:52.366,5572366,48,1,1:46.485,202.946,1
23093,956,1,131,44,1,1,1,1,25.0,71,1:27:38.107,5258107,67,1,1:08.411,227.647,1
23115,957,1,131,44,1,1,1,1,25.0,52,1:34:55.831,5695831,45,3,1:35.771,221.440,1
23137,958,1,131,44,2,1,1,1,25.0,70,1:40:30.115,6030115,69,3,1:23.849,188.095,1
23159,959,1,131,44,2,1,1,1,25.0,67,1:30:44.200,5444200,52,3,1:18.746,209.107,1
23181,960,3,131,6,1,1,1,1,25.0,44,1:44:51.058,6291058,11,2,1:51.746,225.640,1
23203,961,3,131,6,2,1,1,1,25.0,53,1:17:28.089,4648089,26,9,1:26.599,240.820,1
23225,962,3,131,6,1,1,1,1,25.0,61,1:55:48.950,6948950,38,6,1:50.296,165.318,1
23247,963,817,9,3,4,1,1,1,25.0,56,1:37:12.776,5832776,44,3,1:37.449,204.771,1
23269,964,3,131,6,1,1,1,1,25.0,53,1:26:43.333,5203333,31,5,1:36.049,217.651,1
23291,965,1,131,44,1,1,1,1,25.0,56,1:38:12.618,5892618,45,4,1:42.386,193.842,1
23313,966,1,131,44,1,1,1,1,25.0,71,1:40:31.402,6031402,66,4,1:22.596,187.592,1
23335,967,1,131,44,1,1,1,1,25.0,71,3:01:01.335,10861335,44,3,1:25.639,181.137,1
23357,968,1,131,44,1,1,1,1,25.0,55,1:38:04.013,5884013,37,5,1:45.137,190.174,1
23379,969,20,6,5,2,1,1,1,25.0,57,1:24:11.672,5051672,53,3,1:26.638,220.351,1
23399,970,1,131,44,1,1,1,1,25.0,56,1:37:36.158,5856158,44,1,1:35.378,205.745,1
23419,971,20,6,5,3,1,1,1,25.0,57,1:33:53.374,5633374,36,4,1:33.826,207.652,1
23439,972,822,131,77,3,1,1,1,25.0,52,1:28:08.743,5288743,49,3,1:37.367,216.221,1
23459,973,1,131,44,1,1,1,1,25.0,66,1:35:56.497,5756497,64,1,1:23.593,200.471,1
23479,974,20,6,5,2,1,1,1,25.0,78,1:44:44.340,6284340,38,2,1:15.238,159.669,1
23499,975,1,131,44,1,1,1,1,25.0,70,1:33:05.154,5585154,64,1,1:14.551,210.588,1
23519,976,817,9,3,10,1,1,1,25.0,51,2:03:55.573,7435573,46,4,1:44.882,206.048,1
23542,977,822,131,77,1,1,1,1,25.0,71,1:21:48.523,4908523,51,5,1:07.847,229.115,1
23562,978,1,131,44,1,1,1,1,25.0,51,1:21:27.430,4887430,48,1,1:30.621,234.025,1
23582,979,20,6,5,1,1,1,1,25.0,70,1:39:46.713,5986713,69,4,1:20.807,195.176,1
23602,980,1,131,44,1,1,1,1,25.0,44,1:24:42.820,5082820,35,2,1:46.603,236.526,1
23622,981,1,131,44,1,1,1,1,25.0,53,1:15:32.312,4532312,50,2,1:23.488,249.793,1
23642,982,1,131,44,5,1,1,1,25.0,58,2:03:23.544,7403544,55,1,1:45.008,173.643,1
23662,983,830,9,33,3,1,1,1,25.0,56,1:30:01.290,5401290,50,4,1:34.467,211.235,1
23682,984,1,131,44,1,1,1,1,25.0,53,1:27:31.194,5251194,43,6,1:33.780,222.917,1
23702,985,1,131,44,1,1,1,1,25.0,56,1:33:50.991,5630991,48,5,1:38.776,200.927,1
23722,986,830,9,33,2,1,1,1,25.0,71,1:36:26.552,5786552,65,2,1:18.892,196.400,1
23742,987,20,6,5,2,1,1,1,25.0,71,1:31:26.262,5486262,63,7,1:12.539,213.849,1
23762,988,822,131,77,1,1,1,1,25.0,55,1:34:14.062,5654062,52,1,1:40.650,198.652,1
23782,989,20,6,5,3,1,1,1,25.0,58,1:29:33.283,5373283,53,4,1:26.469,220.782,1
23802,990,20,6,5,1,1,1,1,25.0,57,1:32:01.940,5521940,21,7,1:34.453,206.274,1
23822,991,817,9,3,6,1,1,1,25.0,56,1:35:36.380,5736380,55,1,1:35.785,204.871,1
23842,992,1,131,44,2,1,1,1,25.0,51,1:43:44.291,6224291,35,2,1:45.412,205.012,1
23862,993,1,131,44,1,1,1,1,25.0,66,1:35:29.972,5729972,64,3,1:19.133,211.770,1
23882,994,817,9,3,1,1,1,1,25.0,78,1:42:54.807,6174807,13,5,1:15.562,158.984,1
23902,995,20,6,5,1,1,1,1,25.0,68,1:28:31.377,5311377,57,2,1:13.964,212.260,1
23922,996,1,131,44,1,1,1,1,25.0,53,1:30:11.385,5411385,49,5,1:34.509,222.531,1
23942,997,830,9,33,4,1,1,1,25.0,71,1:21:56.024,4916024,70,4,1:07.442,230.491,1
23962,998,20,6,5,2,1,1,1,25.0,52,1:27:29.784,5249784,47,1,1:30.696,233.831,1
23983,999,1,131,44,14,1,1,1,25.0,67,1:32:29.845,5549845,66,1,1:15.545,217.968,1
24003,1000,1,131,44,1,1,1,1,25.0,70,1:37:16.427,5836427,63,4,1:21.107,194.454,1
24023,1001,20,6,5,2,1,1,1,25.0,44,1:23:34.476,5014476,25,2,1:46.644,236.435,1
24043,1002,1,131,44,3,1,1,1,25.0,53,1:16:54.484,4614484,30,1,1:22.497,252.794,1
24063,1003,1,131,44,1,1,1,1,25.0,61,1:51:11.611,6671611,56,2,1:42.913,177.108,1
24083,1004,1,131,44,2,1,1,1,25.0,53,1:27:25.181,5245181,50,2,1:35.916,219.492,1
24103,1005,1,131,44,1,1,1,1,25.0,53,1:27:17.062,5237062,51,2,1:32.785,225.307,1
24123,1006,8,6,7,2,1,1,1,25.0,56,1:34:18.643,5658643,45,5,1:38.482,201.527,1
24143,1007,830,9,33,2,1,1,1,25.0,71,1:38:28.851,5908851,66,2,1:19.186,195.670,1
24163,1008,1,131,44,1,1,1,1,25.0,71,1:27:09.066,5229066,70,7,1:11.795,216.065,1
24183,1009,1,131,44,1,1,1,1,25.0,55,1:39:40.382,5980382,53,5,1:41.357,197.267,1
24203,1010,822,131,77,2,1,1,1,26.0,58,1:25:27.325,5127325,57,1,1:25.580,223.075,1
24223,1011,1,131,44,3,1,1,1,25.0,57,1:34:21.295,5661295,36,2,1:33.528,208.314,1
24243,1012,1,131,44,2,1,1,1,25.0,56,1:32:06.350,5526350,47,5,1:35.892,204.642,1
24263,1013,822,131,77,1,1,1,1,25.0,51,1:31:52.942,5512942,50,2,1:44.024,207.748,1
24283,1014,1,131,44,2,1,1,1,26.0,66,1:35:50.443,5750443,54,1,1:18.492,213.499,1
24306,1015,1,131,44,1,1,1,1,25.0,78,1:43:28.437,6208437,9,6,1:16.167,157.721,1
24326,1016,1,131,44,2,1,1,1,25.0,70,1:29:07.084,5347084,62,4,1:14.813,209.851,1
24346,1017,1,131,44,1,1,1,1,25.0,53,1:24:31.198,5071198,53,2,1:32.764,226.717,1
24366,1018,830,9,33,2,1,1,1,26.0,71,1:22:01.822,4921822,60,1,1:07.475,230.378,1
24386,1019,1,131,44,2,1,1,1,26.0,52,1:21:08.452,4868452,52,1,1:27.369,242.735,1
24406,1020,830,9,33,2,1,1,1,26.0,64,1:44:31.275,6271275,61,1,1:16.645,214.839,1
24426,1021,1,131,44,3,1,1,1,25.0,70,1:35:03.796,5703796,60,2,1:18.528,200.840,1
24446,1022,844,6,16,1,1,1,1,25.0,44,1:23:45.710,5025710,23,4,1:46.664,236.390,1
24466,1023,844,6,16,1,1,1,1,25.0,53,1:15:26.665,4526665,47,4,1:23.009,251.235,1
24486,1024,20,6,5,3,1,1,1,25.0,61,1:58:33.667,7113667,57,5,1:44.802,173.916,1
24506,1025,1,131,44,2,1,1,1,26.0,53,1:33:38.992,5618992,51,1,1:35.761,219.847,1
24526,1026,822,131,77,3,1,1,1,25.0,52,1:21:46.755,4906755,49,4,1:31.862,227.571,1
24546,1027,1,131,44,3,1,1,1,25.0,71,1:36:48.904,5808904,66,4,1:19.461,194.993,1
24626,1031,822,131,77,1,1,1,1,25.0,71,1:30:55.739,5455739,68,2,1:07.657,229.758,1
24566,1028,822,131,77,1,1,1,1,25.0,56,1:33:55.653,5635653,37,2,1:36.957,204.696,1
24586,1029,830,9,33,1,1,1,1,25.0,71,1:33:14.678,5594678,61,2,1:10.862,218.909,1
24606,1030,1,131,44,1,1,1,1,26.0,55,1:34:05.715,5645715,53,1,1:39.283,201.387,1
24646,1032,1,131,44,1,1,1,1,25.0,71,1:22:50.683,4970683,68,3,1:06.719,232.989,1
24666,1033,1,131,44,1,1,1,1,26.0,70,1:36:12.473,5772473,70,1,1:16.627,205.823,1
24686,1034,1,131,44,1,1,1,1,25.0,52,1:28:01.283,5281283,45,3,1:29.238,237.652,1
24706,1035,830,9,33,4,1,1,1,25.0,52,1:19:41.993,4781993,46,2,1:29.465,237.049,1
24726,1036,1,131,44,1,1,1,1,25.0,66,1:31:45.279,5505279,63,2,1:19.822,209.942,1
24746,1037,1,131,44,1,1,1,1,25.0,44,1:24:08.761,5048761,28,2,1:47.758,233.990,1
24766,1038,842,213,10,10,1,1,1,25.0,53,1:47:06.056,6426056,34,6,1:24.037,248.162,1
24786,1039,1,131,44,1,1,1,1,26.0,59,2:19:35.060,8375060,58,1,1:18.833,239.518,1
24806,1040,822,131,77,3,1,1,1,26.0,53,1:34:00.364,5640364,51,1,1:37.030,216.972,1
24826,1041,1,131,44,2,1,1,1,25.0,60,1:35:49.641,5749641,58,2,1:28.145,210.253,1
24846,1042,1,131,44,1,1,1,1,26.0,66,1:29:56.828,5396828,63,1,1:18.750,212.708,1
24866,1043,1,131,44,2,1,1,1,26.0,63,1:28:32.430,5312430,63,1,1:15.484,234.121,1
24886,1044,1,131,44,6,1,1,1,25.0,58,1:42:19.313,6139313,56,6,1:39.413,193.302,1
24906,1045,1,131,44,1,1,1,1,25.0,57,2:59:47.515,10787515,38,3,1:32.864,209.803,1
24926,1046,815,211,11,5,1,1,1,25.0,87,1:31:15.114,5475114,69,3,0:56.789,224.599,1
24946,1047,830,9,33,1,1,1,1,25.0,55,1:36:28.645,5788645,14,2,1:40.958,198.046,1
24966,1052,1,131,44,2,1,1,1,25.0,56,1:32:03.897,5523897,44,4,1:34.015,207.235,1
24986,1053,830,9,33,3,1,1,1,25.0,63,2:02:34.598,7354598,60,2,1:17.524,227.960,1
25006,1054,1,131,44,2,1,1,1,25.0,66,1:34:31.421,5671421,47,4,1:20.933,206.971,1
25026,1055,1,131,44,1,1,1,1,25.0,66,1:33:07.680,5587680,54,5,1:20.665,208.640,1
25046,1056,830,9,33,2,1,1,1,25.0,78,1:38:56.820,5936820,58,6,1:14.649,160.929,1
25066,1057,815,9,11,6,1,1,1,25.0,51,2:13:36.410,8016410,45,2,1:44.687,206.432,1
25086,1059,830,9,33,1,1,1,1,26.0,53,1:27:25.770,5245770,35,1,1:36.404,218.156,1
25106,1058,830,9,33,1,1,1,1,25.0,71,1:22:18.925,4938925,68,3,1:08.017,228.542,1
25126,1060,830,9,33,1,1,1,1,26.0,71,1:23:54.543,5034543,62,1,1:06.200,234.815,1
25146,1061,1,131,44,2,1,1,1,25.0,52,1:58:23.284,7103284,45,2,1:29.699,236.430,1
25166,1062,839,214,31,8,1,1,1,25.0,70,2:04:43.199,7483199,54,5,1:21.421,193.704,1
25186,1063,830,9,33,1,1,1,1,12.5,1,3:27.071,207071,\N,0,\N,\N,1
25206,1064,830,9,33,1,1,1,1,25.0,72,1:30:05.395,5405395,60,3,1:13.275,209.244,1
25226,1065,817,1,3,2,1,1,1,26.0,53,1:21:54.365,4914365,53,1,1:24.812,245.894,1
25246,1066,1,131,44,4,1,1,1,25.0,53,1:30:41.001,5441001,43,2,1:37.575,215.760,1
25266,1067,822,131,77,1,1,1,1,26.0,58,1:31:04.103,5464103,58,1,1:30.432,212.500,1
25286,1069,830,9,33,1,1,1,1,25.0,56,1:34:36.552,5676552,52,2,1:39.096,200.278,1
25306,1070,830,9,33,3,1,1,1,25.0,71,1:38:39.086,5919086,52,2,1:18.999,196.134,1
25326,1071,1,131,44,10,1,1,1,25.0,71,1:32:22.851,5542851,46,2,1:11.982,215.503,1
25346,1051,1,131,44,1,1,1,1,25.0,57,1:24:28.471,5068471,50,2,1:25.084,227.633,1
25366,1072,1,131,44,1,1,1,1,26.0,50,2:06:15.118,7575118,47,1,1:30.734,244.962,1
25386,1073,830,9,33,1,1,1,1,26.0,58,1:30:17.345,5417345,39,1,1:26.103,220.800,1
25406,1074,844,6,16,1,1,1,1,26.0,57,1:37:33.584,5853584,51,1,1:34.570,206.018,1
25426,1075,830,9,1,4,1,1,1,25.0,50,1:24:19.293,5059293,50,2,1:31.772,242.191,1
25446,1076,844,6,16,1,1,1,1,26.0,58,1:27:46.548,5266548,58,1,1:20.260,236.740,1
25466,1077,830,9,1,1,1,1,1,26.0,63,1:32:07.986,5527986,55,1,1:18.446,225.281,1
25486,1078,830,9,1,3,1,1,1,26.0,57,1:34:24.258,5664258,54,1,1:31.361,213.255,1
25506,1079,830,9,1,2,1,1,1,25.0,66,1:37:20.475,5840475,46,4,1:25.456,196.943,1
25526,1080,815,9,11,3,1,1,1,25.0,64,1:56:30.265,6990265,46,4,1:16.028,158.010,1
25546,1081,830,9,1,3,1,1,1,25.0,51,1:34:05.941,5645941,50,2,1:46.050,203.779,1
25566,1082,830,9,1,1,1,1,1,25.0,70,1:36:21.757,5781757,64,2,1:15.839,207.012,1
25586,1083,832,6,55,1,1,1,1,25.0,52,2:17:50.311,8270311,44,2,1:30.813,233.530,1
25606,1084,844,6,16,2,1,1,1,25.0,71,1:24:24.312,5064312,62,2,1:07.583,230.010,1
25626,1085,830,9,1,2,1,1,1,25.0,53,1:30:02.112,5402112,30,2,1:37.491,215.724,1
25646,1086,830,9,1,10,1,1,1,25.0,70,1:39:35.912,5975912,45,6,1:22.126,192.041,1
25666,1087,830,9,1,14,1,1,1,26.0,44,1:25:52.894,5152894,32,1,1:49.354,230.575,1
25686,1088,830,9,1,1,1,1,1,26.0,72,1:36:42.773,5802773,62,1,1:13.652,208.173,1
25706,1089,830,9,1,7,1,1,1,25.0,53,1:20:27.511,4827511,38,6,1:24.745,246.088,1
25726,1091,815,9,11,2,1,1,1,25.0,59,2:02:20.238,7340238,57,2,1:48.165,168.509,1
25746,1092,830,9,1,1,1,1,1,25.0,28,3:01:44.004,10904004,10,4,1:44.911,199.266,1
25766,1093,830,9,1,2,1,1,1,25.0,56,1:42:11.687,6131687,37,2,1:39.541,199.383,1
25786,1094,830,9,1,1,1,1,1,25.0,71,1:38:36.729,5916729,36,4,1:22.046,188.850,1
25806,1095,847,131,63,1,1,1,1,26.0,71,1:38:34.044,5914044,61,1,1:13.785,210.237,1
25826,1096,830,9,1,1,1,1,1,25.0,58,1:27:45.914,5265914,54,6,1:29.392,212.676,1
25846,1098,830,9,1,1,1,1,1,25.0,57,1:33:56.736,5636736,44,6,1:36.236,202.452,1
25866,1099,815,9,11,1,1,1,1,25.0,50,1:21:14.894,4874894,38,2,1:32.188,241.098,1
25886,1100,830,9,1,1,1,1,1,25.0,58,2:32:38.371,9158371,49,2,1:20.342,236.498,1
25906,1101,815,9,11,3,1,1,1,25.0,51,1:32:42.436,5562436,50,5,1:44.589,206.625,1
25926,1102,830,9,1,9,1,1,1,26.0,57,1:27:38.241,5258241,56,1,1:29.708,217.184,1
25946,1104,830,9,1,1,1,1,1,25.0,78,1:48:51.980,6531980,23,7,1:16.604,156.822,1
25966,1105,830,9,1,1,1,1,1,26.0,66,1:27:57.940,5277940,61,1,1:16.330,219.641,1
25986,1106,830,9,1,1,1,1,1,25.0,70,1:33:58.348,5638348,68,3,1:15.594,207.683,1
26006,1107,830,9,1,1,1,1,1,26.0,71,1:25:33.607,5133607,71,1,1:07.012,231.970,1
26026,1108,830,9,1,1,1,1,1,26.0,52,1:25:16.938,5116938,42,1,1:30.275,234.922,1
26046,1109,830,9,1,2,1,1,1,26.0,70,1:38:08.634,5888634,53,1,1:20.504,195.910,1
26066,1110,830,9,1,6,1,1,1,25.0,44,1:22:30.450,4950450,32,2,1:48.922,231.490,1
26086,1111,830,9,1,1,1,1,1,25.0,72,2:24:04.411,8644411,58,2,1:13.889,207.505,1
26106,1112,830,9,1,2,1,1,1,25.0,51,1:13:41.143,4421143,33,2,1:25.240,244.659,1
26126,1113,832,6,55,1,1,1,1,25.0,62,1:46:37.418,6397418,47,7,1:37.666,182.089,1
26146,1114,830,9,1,1,1,1,1,26.0,53,1:30:58.421,5458421,39,1,1:34.183,221.963,1
26166,1115,830,9,1,1,1,1,1,26.0,57,1:27:39.168,5259168,56,1,1:24.319,231.364,1
26186,1116,830,9,1,6,1,1,1,25.0,56,1:35:21.362,5721362,40,9,1:40.028,198.412,1
26206,1117,830,9,1,3,1,1,1,25.0,71,2:02:30.814,7350814,40,2,1:21.644,189.780,1
26226,1118,830,9,1,1,1,1,1,25.0,71,1:56:48.894,7008894,68,2,1:13.422,211.277,1
26246,1119,830,9,1,2,1,1,1,25.0,50,1:29:08.289,5348289,44,2,1:35.614,233.476,1
26266,1120,830,9,1,1,1,1,1,26.0,58,1:27:02.624,5222624,45,1,1:26.993,218.541,1
26286,1121,830,9,1,1,1,1,1,26.0,57,1:31:44.742,5504742,39,1,1:32.608,210.383,1
26306,1122,830,9,1,1,1,1,1,25.0,50,1:20:43.273,4843273,50,3,1:31.773,242.188,1
26326,1123,832,6,55,2,1,1,1,25.0,58,1:20:26.843,4826843,48,3,1:20.031,237.418,1
26345,1124,830,9,1,1,1,1,1,26.0,53,1:54:23.566,6863566,50,1,1:33.706,223.093,1
26365,1125,830,9,1,1,1,1,1,25.0,56,1:40:52.554,6052554,33,2,1:38.406,199.414,1
26385,1126,846,1,4,5,1,1,1,25.0,57,1:30:49.876,5449876,55,5,1:30.980,214.148,1
26405,1127,830,9,1,1,1,1,1,25.0,63,1:25:25.252,5125252,38,9,1:20.366,219.898,1
26425,1128,844,6,16,1,1,1,1,25.0,78,2:23:15.554,8595554,\N,0,\N,\N,1
26445,1129,830,9,1,2,1,1,1,25.0,70,1:45:47.927,6347927,70,4,1:15.569,207.751,1
26465,1130,830,9,1,2,1,1,1,25.0,66,1:28:20.227,5300227,54,2,1:17.776,215.557,1
26485,1131,847,131,63,3,1,1,1,25.0,71,1:24:22.798,5062798,48,5,1:09.164,224.752,1
26505,1132,1,131,44,2,1,1,1,25.0,52,1:22:27.059,4947059,45,5,1:29.438,237.120,1
26525,1133,857,1,81,2,1,1,1,25.0,70,1:38:01.989,5881989,51,8,1:21.716,193.005,1
26545,1134,1,131,44,3,1,1,1,25.0,44,+0.526,526,33,6,1:46.653,236.415,1
26565,1135,846,1,4,1,1,1,1,26.0,72,1:30:45.519,5445519,72,1,1:13.817,207.708,1
26585,1136,844,6,16,4,1,1,1,25.0,53,1:14:40.727,4480727,33,10,1:23.226,250.580,1
26605,1137,857,1,81,2,1,1,1,25.0,51,1:32:58.007,5578007,47,9,1:47.060,201.856,1
26625,1138,846,1,4,1,1,1,1,25.0,62,1:40:52.571,6052571,48,2,1:34.925,187.347,1
26645,1139,844,6,16,4,1,1,1,25.0,56,1:35:09.639,5709639,39,6,1:37.834,202.861,1
26665,1140,832,6,55,1,1,1,1,25.0,71,1:40:55.800,6055800,62,7,1:20.137,193.348,1
26685,1141,830,9,1,17,1,1,1,26.0,69,2:06:54.430,7614430,67,1,1:20.472,192.767,1
26705,1142,847,131,63,1,1,1,1,25.0,50,1:22:05.969,4925969,46,4,1:35.717,233.225,1
26725,1143,830,9,1,2,1,1,1,25.0,57,1:31:05.323,5465323,55,2,1:22.905,235.310,1
26745,1144,846,1,4,1,1,1,1,25.0,58,1:26:33.291,5193291,52,3,1:27.438,217.429,1
